[
{
  "model": "admin.logentry",
  "pk": 128,
  "fields": {
    "action_time": "2026-06-06T14:52:19.459Z",
    "user": 12,
    "content_type": 4,
    "object_id": "1",
    "object_repr": "admin",
    "action_flag": 3,
    "change_message": ""
  }
},
{
  "model": "admin.logentry",
  "pk": 129,
  "fields": {
    "action_time": "2026-06-10T14:45:55.202Z",
    "user": 12,
    "content_type": 24,
    "object_id": "1",
    "object_repr": "St. Zacharia's Hospital",
    "action_flag": 1,
    "change_message": "[{\"added\": {}}]"
  }
},
{
  "model": "auth.permission",
  "pk": 1,
  "fields": {
    "name": "Can add log entry",
    "content_type": 1,
    "codename": "add_logentry"
  }
},
{
  "model": "auth.permission",
  "pk": 2,
  "fields": {
    "name": "Can change log entry",
    "content_type": 1,
    "codename": "change_logentry"
  }
},
{
  "model": "auth.permission",
  "pk": 3,
  "fields": {
    "name": "Can delete log entry",
    "content_type": 1,
    "codename": "delete_logentry"
  }
},
{
  "model": "auth.permission",
  "pk": 4,
  "fields": {
    "name": "Can view log entry",
    "content_type": 1,
    "codename": "view_logentry"
  }
},
{
  "model": "auth.permission",
  "pk": 5,
  "fields": {
    "name": "Can add permission",
    "content_type": 3,
    "codename": "add_permission"
  }
},
{
  "model": "auth.permission",
  "pk": 6,
  "fields": {
    "name": "Can change permission",
    "content_type": 3,
    "codename": "change_permission"
  }
},
{
  "model": "auth.permission",
  "pk": 7,
  "fields": {
    "name": "Can delete permission",
    "content_type": 3,
    "codename": "delete_permission"
  }
},
{
  "model": "auth.permission",
  "pk": 8,
  "fields": {
    "name": "Can view permission",
    "content_type": 3,
    "codename": "view_permission"
  }
},
{
  "model": "auth.permission",
  "pk": 9,
  "fields": {
    "name": "Can add group",
    "content_type": 2,
    "codename": "add_group"
  }
},
{
  "model": "auth.permission",
  "pk": 10,
  "fields": {
    "name": "Can change group",
    "content_type": 2,
    "codename": "change_group"
  }
},
{
  "model": "auth.permission",
  "pk": 11,
  "fields": {
    "name": "Can delete group",
    "content_type": 2,
    "codename": "delete_group"
  }
},
{
  "model": "auth.permission",
  "pk": 12,
  "fields": {
    "name": "Can view group",
    "content_type": 2,
    "codename": "view_group"
  }
},
{
  "model": "auth.permission",
  "pk": 13,
  "fields": {
    "name": "Can add user",
    "content_type": 4,
    "codename": "add_user"
  }
},
{
  "model": "auth.permission",
  "pk": 14,
  "fields": {
    "name": "Can change user",
    "content_type": 4,
    "codename": "change_user"
  }
},
{
  "model": "auth.permission",
  "pk": 15,
  "fields": {
    "name": "Can delete user",
    "content_type": 4,
    "codename": "delete_user"
  }
},
{
  "model": "auth.permission",
  "pk": 16,
  "fields": {
    "name": "Can view user",
    "content_type": 4,
    "codename": "view_user"
  }
},
{
  "model": "auth.permission",
  "pk": 17,
  "fields": {
    "name": "Can add content type",
    "content_type": 5,
    "codename": "add_contenttype"
  }
},
{
  "model": "auth.permission",
  "pk": 18,
  "fields": {
    "name": "Can change content type",
    "content_type": 5,
    "codename": "change_contenttype"
  }
},
{
  "model": "auth.permission",
  "pk": 19,
  "fields": {
    "name": "Can delete content type",
    "content_type": 5,
    "codename": "delete_contenttype"
  }
},
{
  "model": "auth.permission",
  "pk": 20,
  "fields": {
    "name": "Can view content type",
    "content_type": 5,
    "codename": "view_contenttype"
  }
},
{
  "model": "auth.permission",
  "pk": 21,
  "fields": {
    "name": "Can add session",
    "content_type": 6,
    "codename": "add_session"
  }
},
{
  "model": "auth.permission",
  "pk": 22,
  "fields": {
    "name": "Can change session",
    "content_type": 6,
    "codename": "change_session"
  }
},
{
  "model": "auth.permission",
  "pk": 23,
  "fields": {
    "name": "Can delete session",
    "content_type": 6,
    "codename": "delete_session"
  }
},
{
  "model": "auth.permission",
  "pk": 24,
  "fields": {
    "name": "Can view session",
    "content_type": 6,
    "codename": "view_session"
  }
},
{
  "model": "auth.permission",
  "pk": 25,
  "fields": {
    "name": "Can add patient",
    "content_type": 10,
    "codename": "add_patient"
  }
},
{
  "model": "auth.permission",
  "pk": 26,
  "fields": {
    "name": "Can change patient",
    "content_type": 10,
    "codename": "change_patient"
  }
},
{
  "model": "auth.permission",
  "pk": 27,
  "fields": {
    "name": "Can delete patient",
    "content_type": 10,
    "codename": "delete_patient"
  }
},
{
  "model": "auth.permission",
  "pk": 28,
  "fields": {
    "name": "Can view patient",
    "content_type": 10,
    "codename": "view_patient"
  }
},
{
  "model": "auth.permission",
  "pk": 29,
  "fields": {
    "name": "Can add visit",
    "content_type": 12,
    "codename": "add_visit"
  }
},
{
  "model": "auth.permission",
  "pk": 30,
  "fields": {
    "name": "Can change visit",
    "content_type": 12,
    "codename": "change_visit"
  }
},
{
  "model": "auth.permission",
  "pk": 31,
  "fields": {
    "name": "Can delete visit",
    "content_type": 12,
    "codename": "delete_visit"
  }
},
{
  "model": "auth.permission",
  "pk": 32,
  "fields": {
    "name": "Can view visit",
    "content_type": 12,
    "codename": "view_visit"
  }
},
{
  "model": "auth.permission",
  "pk": 33,
  "fields": {
    "name": "Can add prescription",
    "content_type": 11,
    "codename": "add_prescription"
  }
},
{
  "model": "auth.permission",
  "pk": 34,
  "fields": {
    "name": "Can change prescription",
    "content_type": 11,
    "codename": "change_prescription"
  }
},
{
  "model": "auth.permission",
  "pk": 35,
  "fields": {
    "name": "Can delete prescription",
    "content_type": 11,
    "codename": "delete_prescription"
  }
},
{
  "model": "auth.permission",
  "pk": 36,
  "fields": {
    "name": "Can view prescription",
    "content_type": 11,
    "codename": "view_prescription"
  }
},
{
  "model": "auth.permission",
  "pk": 37,
  "fields": {
    "name": "Can add lab",
    "content_type": 9,
    "codename": "add_lab"
  }
},
{
  "model": "auth.permission",
  "pk": 38,
  "fields": {
    "name": "Can change lab",
    "content_type": 9,
    "codename": "change_lab"
  }
},
{
  "model": "auth.permission",
  "pk": 39,
  "fields": {
    "name": "Can delete lab",
    "content_type": 9,
    "codename": "delete_lab"
  }
},
{
  "model": "auth.permission",
  "pk": 40,
  "fields": {
    "name": "Can view lab",
    "content_type": 9,
    "codename": "view_lab"
  }
},
{
  "model": "auth.permission",
  "pk": 41,
  "fields": {
    "name": "Can add doctor",
    "content_type": 8,
    "codename": "add_doctor"
  }
},
{
  "model": "auth.permission",
  "pk": 42,
  "fields": {
    "name": "Can change doctor",
    "content_type": 8,
    "codename": "change_doctor"
  }
},
{
  "model": "auth.permission",
  "pk": 43,
  "fields": {
    "name": "Can delete doctor",
    "content_type": 8,
    "codename": "delete_doctor"
  }
},
{
  "model": "auth.permission",
  "pk": 44,
  "fields": {
    "name": "Can view doctor",
    "content_type": 8,
    "codename": "view_doctor"
  }
},
{
  "model": "auth.permission",
  "pk": 45,
  "fields": {
    "name": "Can add dispense",
    "content_type": 7,
    "codename": "add_dispense"
  }
},
{
  "model": "auth.permission",
  "pk": 46,
  "fields": {
    "name": "Can change dispense",
    "content_type": 7,
    "codename": "change_dispense"
  }
},
{
  "model": "auth.permission",
  "pk": 47,
  "fields": {
    "name": "Can delete dispense",
    "content_type": 7,
    "codename": "delete_dispense"
  }
},
{
  "model": "auth.permission",
  "pk": 48,
  "fields": {
    "name": "Can view dispense",
    "content_type": 7,
    "codename": "view_dispense"
  }
},
{
  "model": "auth.permission",
  "pk": 49,
  "fields": {
    "name": "Can add chat message",
    "content_type": 14,
    "codename": "add_chatmessage"
  }
},
{
  "model": "auth.permission",
  "pk": 50,
  "fields": {
    "name": "Can change chat message",
    "content_type": 14,
    "codename": "change_chatmessage"
  }
},
{
  "model": "auth.permission",
  "pk": 51,
  "fields": {
    "name": "Can delete chat message",
    "content_type": 14,
    "codename": "delete_chatmessage"
  }
},
{
  "model": "auth.permission",
  "pk": 52,
  "fields": {
    "name": "Can view chat message",
    "content_type": 14,
    "codename": "view_chatmessage"
  }
},
{
  "model": "auth.permission",
  "pk": 53,
  "fields": {
    "name": "Can add chat faq",
    "content_type": 13,
    "codename": "add_chatfaq"
  }
},
{
  "model": "auth.permission",
  "pk": 54,
  "fields": {
    "name": "Can change chat faq",
    "content_type": 13,
    "codename": "change_chatfaq"
  }
},
{
  "model": "auth.permission",
  "pk": 55,
  "fields": {
    "name": "Can delete chat faq",
    "content_type": 13,
    "codename": "delete_chatfaq"
  }
},
{
  "model": "auth.permission",
  "pk": 56,
  "fields": {
    "name": "Can view chat faq",
    "content_type": 13,
    "codename": "view_chatfaq"
  }
},
{
  "model": "auth.permission",
  "pk": 57,
  "fields": {
    "name": "Can add patient",
    "content_type": 15,
    "codename": "add_patient"
  }
},
{
  "model": "auth.permission",
  "pk": 58,
  "fields": {
    "name": "Can change patient",
    "content_type": 15,
    "codename": "change_patient"
  }
},
{
  "model": "auth.permission",
  "pk": 59,
  "fields": {
    "name": "Can delete patient",
    "content_type": 15,
    "codename": "delete_patient"
  }
},
{
  "model": "auth.permission",
  "pk": 60,
  "fields": {
    "name": "Can view patient",
    "content_type": 15,
    "codename": "view_patient"
  }
},
{
  "model": "auth.permission",
  "pk": 61,
  "fields": {
    "name": "Can add audit log",
    "content_type": 16,
    "codename": "add_auditlog"
  }
},
{
  "model": "auth.permission",
  "pk": 62,
  "fields": {
    "name": "Can change audit log",
    "content_type": 16,
    "codename": "change_auditlog"
  }
},
{
  "model": "auth.permission",
  "pk": 63,
  "fields": {
    "name": "Can delete audit log",
    "content_type": 16,
    "codename": "delete_auditlog"
  }
},
{
  "model": "auth.permission",
  "pk": 64,
  "fields": {
    "name": "Can view audit log",
    "content_type": 16,
    "codename": "view_auditlog"
  }
},
{
  "model": "auth.permission",
  "pk": 65,
  "fields": {
    "name": "Can add bill",
    "content_type": 17,
    "codename": "add_bill"
  }
},
{
  "model": "auth.permission",
  "pk": 66,
  "fields": {
    "name": "Can change bill",
    "content_type": 17,
    "codename": "change_bill"
  }
},
{
  "model": "auth.permission",
  "pk": 67,
  "fields": {
    "name": "Can delete bill",
    "content_type": 17,
    "codename": "delete_bill"
  }
},
{
  "model": "auth.permission",
  "pk": 68,
  "fields": {
    "name": "Can view bill",
    "content_type": 17,
    "codename": "view_bill"
  }
},
{
  "model": "auth.permission",
  "pk": 69,
  "fields": {
    "name": "Can add medicine stock",
    "content_type": 18,
    "codename": "add_medicinestock"
  }
},
{
  "model": "auth.permission",
  "pk": 70,
  "fields": {
    "name": "Can change medicine stock",
    "content_type": 18,
    "codename": "change_medicinestock"
  }
},
{
  "model": "auth.permission",
  "pk": 71,
  "fields": {
    "name": "Can delete medicine stock",
    "content_type": 18,
    "codename": "delete_medicinestock"
  }
},
{
  "model": "auth.permission",
  "pk": 72,
  "fields": {
    "name": "Can view medicine stock",
    "content_type": 18,
    "codename": "view_medicinestock"
  }
},
{
  "model": "auth.permission",
  "pk": 73,
  "fields": {
    "name": "Can add appointment",
    "content_type": 19,
    "codename": "add_appointment"
  }
},
{
  "model": "auth.permission",
  "pk": 74,
  "fields": {
    "name": "Can change appointment",
    "content_type": 19,
    "codename": "change_appointment"
  }
},
{
  "model": "auth.permission",
  "pk": 75,
  "fields": {
    "name": "Can delete appointment",
    "content_type": 19,
    "codename": "delete_appointment"
  }
},
{
  "model": "auth.permission",
  "pk": 76,
  "fields": {
    "name": "Can view appointment",
    "content_type": 19,
    "codename": "view_appointment"
  }
},
{
  "model": "auth.permission",
  "pk": 77,
  "fields": {
    "name": "Can add procedure",
    "content_type": 20,
    "codename": "add_procedure"
  }
},
{
  "model": "auth.permission",
  "pk": 78,
  "fields": {
    "name": "Can change procedure",
    "content_type": 20,
    "codename": "change_procedure"
  }
},
{
  "model": "auth.permission",
  "pk": 79,
  "fields": {
    "name": "Can delete procedure",
    "content_type": 20,
    "codename": "delete_procedure"
  }
},
{
  "model": "auth.permission",
  "pk": 80,
  "fields": {
    "name": "Can view procedure",
    "content_type": 20,
    "codename": "view_procedure"
  }
},
{
  "model": "auth.permission",
  "pk": 81,
  "fields": {
    "name": "Can add vital",
    "content_type": 21,
    "codename": "add_vital"
  }
},
{
  "model": "auth.permission",
  "pk": 82,
  "fields": {
    "name": "Can change vital",
    "content_type": 21,
    "codename": "change_vital"
  }
},
{
  "model": "auth.permission",
  "pk": 83,
  "fields": {
    "name": "Can delete vital",
    "content_type": 21,
    "codename": "delete_vital"
  }
},
{
  "model": "auth.permission",
  "pk": 84,
  "fields": {
    "name": "Can view vital",
    "content_type": 21,
    "codename": "view_vital"
  }
},
{
  "model": "auth.permission",
  "pk": 85,
  "fields": {
    "name": "Can add test",
    "content_type": 22,
    "codename": "add_test"
  }
},
{
  "model": "auth.permission",
  "pk": 86,
  "fields": {
    "name": "Can change test",
    "content_type": 22,
    "codename": "change_test"
  }
},
{
  "model": "auth.permission",
  "pk": 87,
  "fields": {
    "name": "Can delete test",
    "content_type": 22,
    "codename": "delete_test"
  }
},
{
  "model": "auth.permission",
  "pk": 88,
  "fields": {
    "name": "Can view test",
    "content_type": 22,
    "codename": "view_test"
  }
},
{
  "model": "auth.permission",
  "pk": 89,
  "fields": {
    "name": "Can add procedure catalog",
    "content_type": 23,
    "codename": "add_procedurecatalog"
  }
},
{
  "model": "auth.permission",
  "pk": 90,
  "fields": {
    "name": "Can change procedure catalog",
    "content_type": 23,
    "codename": "change_procedurecatalog"
  }
},
{
  "model": "auth.permission",
  "pk": 91,
  "fields": {
    "name": "Can delete procedure catalog",
    "content_type": 23,
    "codename": "delete_procedurecatalog"
  }
},
{
  "model": "auth.permission",
  "pk": 92,
  "fields": {
    "name": "Can view procedure catalog",
    "content_type": 23,
    "codename": "view_procedurecatalog"
  }
},
{
  "model": "auth.permission",
  "pk": 93,
  "fields": {
    "name": "Can add Hospital Settings",
    "content_type": 24,
    "codename": "add_hospitalsettings"
  }
},
{
  "model": "auth.permission",
  "pk": 94,
  "fields": {
    "name": "Can change Hospital Settings",
    "content_type": 24,
    "codename": "change_hospitalsettings"
  }
},
{
  "model": "auth.permission",
  "pk": 95,
  "fields": {
    "name": "Can delete Hospital Settings",
    "content_type": 24,
    "codename": "delete_hospitalsettings"
  }
},
{
  "model": "auth.permission",
  "pk": 96,
  "fields": {
    "name": "Can view Hospital Settings",
    "content_type": 24,
    "codename": "view_hospitalsettings"
  }
},
{
  "model": "auth.group",
  "pk": 1,
  "fields": {
    "name": "Doctor",
    "permissions": []
  }
},
{
  "model": "auth.group",
  "pk": 2,
  "fields": {
    "name": "Lab",
    "permissions": []
  }
},
{
  "model": "auth.group",
  "pk": 3,
  "fields": {
    "name": "Dispense",
    "permissions": []
  }
},
{
  "model": "auth.group",
  "pk": 4,
  "fields": {
    "name": "Receptions",
    "permissions": []
  }
},
{
  "model": "auth.group",
  "pk": 5,
  "fields": {
    "name": "Cashier",
    "permissions": []
  }
},
{
  "model": "auth.group",
  "pk": 6,
  "fields": {
    "name": "Vitals",
    "permissions": []
  }
},
{
  "model": "auth.group",
  "pk": 7,
  "fields": {
    "name": "Procedure",
    "permissions": []
  }
},
{
  "model": "auth.user",
  "pk": 2,
  "fields": {
    "password": "pbkdf2_sha256$1000000$lbfD2dFeRBxz4fAqPoiSml$azcOdN75ad7+OAP0EbHocmJ93XaZfLGNq0Ez2xSZ54w=",
    "last_login": "2026-06-01T22:37:39.864Z",
    "is_superuser": false,
    "username": "doctor1",
    "first_name": "Jamila",
    "last_name": "Doi",
    "email": "jamiladoi@gmail.com",
    "is_staff": true,
    "is_active": true,
    "date_joined": "2026-05-08T15:27:48Z",
    "groups": [
      1
    ],
    "user_permissions": []
  }
},
{
  "model": "auth.user",
  "pk": 3,
  "fields": {
    "password": "pbkdf2_sha256$1000000$iThwimmhIIlT8O35kvLHz8$VFBwb7uzCS6eQkYKBrIg0t75fkJMyxWsSbqDuJr8ja4=",
    "last_login": "2026-06-11T05:51:04.726Z",
    "is_superuser": false,
    "username": "lab1",
    "first_name": "Wako",
    "last_name": "Huyu",
    "email": "wakohuyu@gmail.com",
    "is_staff": true,
    "is_active": true,
    "date_joined": "2026-05-08T15:28:29Z",
    "groups": [
      2
    ],
    "user_permissions": []
  }
},
{
  "model": "auth.user",
  "pk": 4,
  "fields": {
    "password": "pbkdf2_sha256$1000000$sTbCybMWSIiS2KeK2U0qyI$39BnzJzZTLrtza2HfzQ7gXN730ut8srudzJ4fG6H/Ig=",
    "last_login": "2026-06-11T05:47:24.645Z",
    "is_superuser": false,
    "username": "reception1",
    "first_name": "Joyce",
    "last_name": "Hawa",
    "email": "joycehawa@gmail.com",
    "is_staff": true,
    "is_active": true,
    "date_joined": "2026-05-08T15:30:00Z",
    "groups": [
      4
    ],
    "user_permissions": []
  }
},
{
  "model": "auth.user",
  "pk": 5,
  "fields": {
    "password": "pbkdf2_sha256$1000000$fNaMjCWfdNqbXqUzl3Eri5$MnSOrNjmxBZbKksM3lOM9+/Gu4ZWM8jnH3EgNWNyVZU=",
    "last_login": "2026-06-04T18:33:56.752Z",
    "is_superuser": false,
    "username": "dispense1",
    "first_name": "Anna",
    "last_name": "John",
    "email": "annajohn@gmail.com",
    "is_staff": true,
    "is_active": true,
    "date_joined": "2026-05-08T15:30:52Z",
    "groups": [
      3
    ],
    "user_permissions": []
  }
},
{
  "model": "auth.user",
  "pk": 6,
  "fields": {
    "password": "pbkdf2_sha256$1000000$56Uu7DIoRvQQ3KBrwQdBqV$Mkjrs9p/fcFJPLnvp7L6VNYatj+g/gxOBD/Hr9+HHC0=",
    "last_login": null,
    "is_superuser": false,
    "username": "Veda",
    "first_name": "",
    "last_name": "",
    "email": "",
    "is_staff": false,
    "is_active": true,
    "date_joined": "2026-05-13T17:14:54.272Z",
    "groups": [
      1
    ],
    "user_permissions": []
  }
},
{
  "model": "auth.user",
  "pk": 7,
  "fields": {
    "password": "pbkdf2_sha256$1000000$T9d3pZj7XEIFH85NYbk0C5$5wgC5jA4MCKuzPJtrIb0Nk6NoIZpDYWW2WiDFX5wQOs=",
    "last_login": "2026-06-11T05:51:40.656Z",
    "is_superuser": false,
    "username": "Juma",
    "first_name": "",
    "last_name": "",
    "email": "",
    "is_staff": false,
    "is_active": true,
    "date_joined": "2026-05-13T17:23:24.106Z",
    "groups": [
      1
    ],
    "user_permissions": []
  }
},
{
  "model": "auth.user",
  "pk": 8,
  "fields": {
    "password": "pbkdf2_sha256$1000000$7C7MaUDDpEwXw2MQrZgGb7$VJ3ubWr7GeL1DViyZXIQJQzA5ZtqZ2+DNMSBGLrf3XQ=",
    "last_login": "2026-05-24T21:34:53.432Z",
    "is_superuser": false,
    "username": "Kamau",
    "first_name": "",
    "last_name": "",
    "email": "",
    "is_staff": false,
    "is_active": true,
    "date_joined": "2026-05-14T14:03:59.355Z",
    "groups": [
      4
    ],
    "user_permissions": []
  }
},
{
  "model": "auth.user",
  "pk": 9,
  "fields": {
    "password": "pbkdf2_sha256$1000000$jNTwhikorGiLtjUZqThH6i$JTxUpg7TbrFzipvNbjNnrJPz5Bp2mO1E13dmq6xpxGU=",
    "last_login": "2026-06-11T05:53:29.037Z",
    "is_superuser": false,
    "username": "cashier1",
    "first_name": "",
    "last_name": "",
    "email": "",
    "is_staff": false,
    "is_active": true,
    "date_joined": "2026-05-17T18:23:47.287Z",
    "groups": [
      5
    ],
    "user_permissions": []
  }
},
{
  "model": "auth.user",
  "pk": 10,
  "fields": {
    "password": "pbkdf2_sha256$1000000$ja6a2XNpVUN1WwOhQIEogX$XlrBxpoHYiGvSU/HP+YV5GZ3XdeiZM1ps/57WTNfJ1c=",
    "last_login": "2026-06-11T05:49:08.339Z",
    "is_superuser": false,
    "username": "nurse1",
    "first_name": "Jamila",
    "last_name": "Juma",
    "email": "jamilajuma@gmail.com",
    "is_staff": false,
    "is_active": true,
    "date_joined": "2026-05-18T18:14:16Z",
    "groups": [
      6
    ],
    "user_permissions": []
  }
},
{
  "model": "auth.user",
  "pk": 11,
  "fields": {
    "password": "pbkdf2_sha256$1000000$38rdTl8DfiGAZ7T7QILDZU$j8LXqCnJDMFZ6vsHqmpSVoRqGVO3JcJY637xohh1FFA=",
    "last_login": "2026-06-04T05:51:36.295Z",
    "is_superuser": false,
    "username": "Ultrasound1",
    "first_name": "Gisela",
    "last_name": "Shija",
    "email": "giselashija@gmail.com",
    "is_staff": false,
    "is_active": true,
    "date_joined": "2026-05-21T09:56:30Z",
    "groups": [
      7
    ],
    "user_permissions": []
  }
},
{
  "model": "auth.user",
  "pk": 12,
  "fields": {
    "password": "pbkdf2_sha256$1000000$un0bIYt0corz1UeHeJByBj$ZKBnumPdNuRi93ji/jRDc6vcSPyXmLf1bK0XMCAa7FI=",
    "last_login": "2026-06-11T05:55:04.168Z",
    "is_superuser": true,
    "username": "Shija",
    "first_name": "",
    "last_name": "",
    "email": "shijajuma@pm.me",
    "is_staff": true,
    "is_active": true,
    "date_joined": "2026-06-06T14:48:49.601Z",
    "groups": [],
    "user_permissions": []
  }
},
{
  "model": "contenttypes.contenttype",
  "pk": 1,
  "fields": {
    "app_label": "admin",
    "model": "logentry"
  }
},
{
  "model": "contenttypes.contenttype",
  "pk": 2,
  "fields": {
    "app_label": "auth",
    "model": "group"
  }
},
{
  "model": "contenttypes.contenttype",
  "pk": 3,
  "fields": {
    "app_label": "auth",
    "model": "permission"
  }
},
{
  "model": "contenttypes.contenttype",
  "pk": 4,
  "fields": {
    "app_label": "auth",
    "model": "user"
  }
},
{
  "model": "contenttypes.contenttype",
  "pk": 5,
  "fields": {
    "app_label": "contenttypes",
    "model": "contenttype"
  }
},
{
  "model": "contenttypes.contenttype",
  "pk": 6,
  "fields": {
    "app_label": "sessions",
    "model": "session"
  }
},
{
  "model": "contenttypes.contenttype",
  "pk": 7,
  "fields": {
    "app_label": "magahospital",
    "model": "dispense"
  }
},
{
  "model": "contenttypes.contenttype",
  "pk": 8,
  "fields": {
    "app_label": "magahospital",
    "model": "doctor"
  }
},
{
  "model": "contenttypes.contenttype",
  "pk": 9,
  "fields": {
    "app_label": "magahospital",
    "model": "lab"
  }
},
{
  "model": "contenttypes.contenttype",
  "pk": 10,
  "fields": {
    "app_label": "magahospital",
    "model": "patient"
  }
},
{
  "model": "contenttypes.contenttype",
  "pk": 11,
  "fields": {
    "app_label": "magahospital",
    "model": "prescription"
  }
},
{
  "model": "contenttypes.contenttype",
  "pk": 12,
  "fields": {
    "app_label": "magahospital",
    "model": "visit"
  }
},
{
  "model": "contenttypes.contenttype",
  "pk": 13,
  "fields": {
    "app_label": "magahospital",
    "model": "chatfaq"
  }
},
{
  "model": "contenttypes.contenttype",
  "pk": 14,
  "fields": {
    "app_label": "magahospital",
    "model": "chatmessage"
  }
},
{
  "model": "contenttypes.contenttype",
  "pk": 15,
  "fields": {
    "app_label": "prediction",
    "model": "patient"
  }
},
{
  "model": "contenttypes.contenttype",
  "pk": 16,
  "fields": {
    "app_label": "magahospital",
    "model": "auditlog"
  }
},
{
  "model": "contenttypes.contenttype",
  "pk": 17,
  "fields": {
    "app_label": "magahospital",
    "model": "bill"
  }
},
{
  "model": "contenttypes.contenttype",
  "pk": 18,
  "fields": {
    "app_label": "magahospital",
    "model": "medicinestock"
  }
},
{
  "model": "contenttypes.contenttype",
  "pk": 19,
  "fields": {
    "app_label": "magahospital",
    "model": "appointment"
  }
},
{
  "model": "contenttypes.contenttype",
  "pk": 20,
  "fields": {
    "app_label": "magahospital",
    "model": "procedure"
  }
},
{
  "model": "contenttypes.contenttype",
  "pk": 21,
  "fields": {
    "app_label": "magahospital",
    "model": "vital"
  }
},
{
  "model": "contenttypes.contenttype",
  "pk": 22,
  "fields": {
    "app_label": "magahospital",
    "model": "test"
  }
},
{
  "model": "contenttypes.contenttype",
  "pk": 23,
  "fields": {
    "app_label": "magahospital",
    "model": "procedurecatalog"
  }
},
{
  "model": "contenttypes.contenttype",
  "pk": 24,
  "fields": {
    "app_label": "magahospital",
    "model": "hospitalsettings"
  }
},
{
  "model": "sessions.session",
  "pk": "0gu272v28jmlz62y0ys6jfa4121zzdwr",
  "fields": {
    "session_data": ".eJxVjDEOwyAQBP9CHaEDDmxSpvcbEHAQnEQgGbuK8vfYkouk2WJndt_M-W0tbutpcTOxK7Ps8tsFH5-pHoAevt4bj62uyxz4ofCTdj41Sq_b6f4dFN_Lvh5AQ0aIuAeYUdvoRxCKFBKFaFDYPABmBRhySjJFE4wh66VGjUIa9vkCy2Q3PQ:1wPjOe:wnnL9VJXkmhyLdCacyfjev7SGy802B_7dDDIKRnEWEg",
    "expire_date": "2026-05-20T16:33:48.735Z"
  }
},
{
  "model": "sessions.session",
  "pk": "24mmrnbdiaovlj90sgxzf0ry0kbzl11h",
  "fields": {
    "session_data": ".eJxVjMsOwiAQRf-FtSEwvMSle7-BDAxI1UBS2pXx322TLnR7zrn3zQKuSw3ryHOYiF2YZqdfFjE9c9sFPbDdO0-9LfMU-Z7www5-65Rf16P9O6g46rbO5L23ShhJJJwVXqGSEB3pIotKZoMZNEgEl7Wx0hgQoFPU8WwKSGCfL7_PNqE:1wQoCO:nG_OQvYXlYrBatSatCxdggcA_h5AUjnF7juT53hX7yQ",
    "expire_date": "2026-05-23T15:53:36.204Z"
  }
},
{
  "model": "sessions.session",
  "pk": "2k2xje9xnuj7q75f8surp9j5suu3jewe",
  "fields": {
    "session_data": ".eJxVjMsOwiAQRf-FtSHQ4ZG6dO83kGEYpGogKe3K-O9K0oVuzzn3vkTAfSth77yGJYmz8OL0yyLSg-sQ6Y711iS1uq1LlCORh-3y2hI_L0f7d1Cwl7Fml9nA5K21MJO3iXQEBURRqTxPmqwDTNFZncEYSg4Y0ZM3xqgvEO8P5ic3lQ:1wQ6A3:a35cUANiHzL1yGQaXHNCdz2WsCsXyb7vxsJVNNl0Frs",
    "expire_date": "2026-05-21T16:52:15.826Z"
  }
},
{
  "model": "sessions.session",
  "pk": "32du45tqkq02h6wxqb160g55ofqghals",
  "fields": {
    "session_data": ".eJxVjEEOwiAQRe_C2pBCAQeX7nsGMgODVA0kpV0Z765NutDtf-_9lwi4rSVsnZcwJ3ERVpx-N8L44LqDdMd6azK2ui4zyV2RB-1yaomf18P9OyjYy7c-g_MEBoG8Ysqjd6xM1oRWaYJkRmAXyUfUTpsRFVmV0Zs0KIasBxDvD-Y6N9k:1wOM4o:02TAz6r6cDqN_P7qYFKDOXRx-dj-dK1N4q_sjhiK53c",
    "expire_date": "2026-05-16T21:27:38.397Z"
  }
},
{
  "model": "sessions.session",
  "pk": "3amjluj9n3whplt2nuqwtd9x0gr3wydt",
  "fields": {
    "session_data": ".eJxVjMsOwiAQRf-FtSEwvMSle7-BDAxI1UBS2pXx322TLnR7zrn3zQKuSw3ryHOYiF2YZqdfFjE9c9sFPbDdO0-9LfMU-Z7www5-65Rf16P9O6g46rbO5L23ShhJJJwVXqGSEB3pIotKZoMZNEgEl7Wx0hgQoFPU8WwKSGCfL7_PNqE:1wQHsF:l_tkebOWBUjyYmuE2uKKzOGTZIIGDrZQJtDL31JXlDo",
    "expire_date": "2026-05-22T05:22:39.143Z"
  }
},
{
  "model": "sessions.session",
  "pk": "3hspzg0mcp16gawdwojnnsfey39v32a1",
  "fields": {
    "session_data": ".eJxVjDsOwjAQRO_iGllrB_8o6TlDNBuvcQAlUj4V4u4kUgroRvPezFu1WJfarrNMbZ_VRRl1-u0Y3VOGHeQHhvuou3FYpp71ruiDzvo2ZnldD_fvoGKu2xouQkpILqHxMJQ84OBshwIvRE0oHIklELGF3fI5UzHJS_aGY1afL_LwOEo:1wRlri:otSvm_-8wsfmK0-lQNl0mchfvrRDg5A_9DeSYcqPITs",
    "expire_date": "2026-05-26T07:36:14.182Z"
  }
},
{
  "model": "sessions.session",
  "pk": "3okho4iw5ctv90dy7jpwtoxmg3xhl05v",
  "fields": {
    "session_data": "e30:1wRmp5:xWsC9gT0lP1ojTysVzIdivdUbeb5OakOH1j0HOd38tM",
    "expire_date": "2026-05-26T08:37:35.718Z"
  }
},
{
  "model": "sessions.session",
  "pk": "45mt4poam1j7as29s7cg96hzzl2ns3ps",
  "fields": {
    "session_data": ".eJxVjLsOAiEQAP-F2hCWh-5Z2vsNZGFBTg0kx11l_HcluULbmcm8hKdtLX7rafEzi7MAEIdfGCg-Uh2G71RvTcZW12UOciRyt11eG6fnZW__BoV6Gd_stAXLmiKhRUvBqYgGItjIjBMqdCZbfQQXgPhkmBVORn3TxFmDeH8A8P03Yw:1wQ1lQ:jF5LudppygyVB78qm3uhu8Xq7lTpP-DR4WsmgXV9YP4",
    "expire_date": "2026-05-21T12:10:32.440Z"
  }
},
{
  "model": "sessions.session",
  "pk": "45qjsyw60el34vd0t4c03xwo6xyag785",
  "fields": {
    "session_data": ".eJxVjEEOwiAQRe_C2pBCAQeX7nsGMgODVA0kpV0Z765NutDtf-_9lwi4rSVsnZcwJ3ERVpx-N8L44LqDdMd6azK2ui4zyV2RB-1yaomf18P9OyjYy7c-g_MEBoG8Ysqjd6xM1oRWaYJkRmAXyUfUTpsRFVmV0Zs0KIasBxDvD-Y6N9k:1wQUyO:j5rcbDz9yeob-Rsi56Gafmp0Qqp1gw6MsL0OV9grdZU",
    "expire_date": "2026-05-22T19:21:52.984Z"
  }
},
{
  "model": "sessions.session",
  "pk": "4obq9sk3tx00dca362osqp6pv2n9k6js",
  "fields": {
    "session_data": ".eJxVjEEOwiAQRe_C2hCwFBiX7nsGMjCDVA0kpV0Z765NutDtf-_9lwi4rSVsnZcwk7iIQZx-t4jpwXUHdMd6azK1ui5zlLsiD9rl1Iif18P9OyjYy7dGUpRGZ3nATMaBd2SBI6RkQY-o1dmYTForMD6bOLioEljrsgdGhVG8P_JyOBU:1wPKFj:k0WYPANwNxAQpw_bTqA_es_RNlXLb7Du1-KSnFRqhN4",
    "expire_date": "2026-05-19T13:42:55.435Z"
  }
},
{
  "model": "sessions.session",
  "pk": "4skr30ywm35okpamqdzst9qezvjku4j8",
  "fields": {
    "session_data": ".eJxVjEEOwiAQRe_C2pBCAQeX7nsGMgODVA0kpV0Z765NutDtf-_9lwi4rSVsnZcwJ3ERVpx-N8L44LqDdMd6azK2ui4zyV2RB-1yaomf18P9OyjYy7c-g_MEBoG8Ysqjd6xM1oRWaYJkRmAXyUfUTpsRFVmV0Zs0KIasBxDvD-Y6N9k:1wPLCG:79GfF8tzo9VfzPPGIf7xsMN1fOR3yPgPqWkcMf9AA_k",
    "expire_date": "2026-05-19T14:43:24.308Z"
  }
},
{
  "model": "sessions.session",
  "pk": "58zcgsenqfap9zuc4614cjxhut37tkwg",
  "fields": {
    "session_data": ".eJxVjMsOwiAQRf-FtSEwvMSle7-BDAxI1UBS2pXx322TLnR7zrn3zQKuSw3ryHOYiF2YZqdfFjE9c9sFPbDdO0-9LfMU-Z7www5-65Rf16P9O6g46rbO5L23ShhJJJwVXqGSEB3pIotKZoMZNEgEl7Wx0hgQoFPU8WwKSGCfL7_PNqE:1wPFxn:o6Wr1zCbm2YgGZmmpufkGaERMIH26WCr6wa0iKqNJeM",
    "expire_date": "2026-05-19T09:08:07.355Z"
  }
},
{
  "model": "sessions.session",
  "pk": "5h4xqh1evva9dq90aqk3ep1t10rnehmo",
  "fields": {
    "session_data": ".eJxVjMsOwiAUBf-FtSFcBEpduu83EO4DqZo2Ke3K-O_apAvdnpk5L5Xytta0NVnSyOqirDr9bpjpIdMO-J6n26xpntZlRL0r-qBNDzPL83q4fwc1t_qtAW2M5w4xGA4MxQtZ7wp76xx0pYce2fVQgmCIQgFyASfExIZYolHvD-YmOJU:1wNRVO:KsRhrRZrQkUgqya1-PTi1g-aZ1BgtHcF8ldkUXzw33Q",
    "expire_date": "2026-05-28T08:33:18.556Z"
  }
},
{
  "model": "sessions.session",
  "pk": "63mobgav69j1x8cv7vsilt75tzlhbpcy",
  "fields": {
    "session_data": ".eJxVjMsOwiAUBf-FtSFcBEpduu83EO4DqZo2Ke3K-O_apAvdnpk5L5Xytta0NVnSyOqirDr9bpjpIdMO-J6n26xpntZlRL0r-qBNDzPL83q4fwc1t_qtAW2M5w4xGA4MxQtZ7wp76xx0pYce2fVQgmCIQgFyASfExIZYolHvD-YmOJU:1wNb2j:Y2OTMcukAJ3pXu81SNqGT-cDMmC88blrW7opAgs-4F0",
    "expire_date": "2026-05-14T19:14:21.538Z"
  }
},
{
  "model": "sessions.session",
  "pk": "67vhq5spizzstbujos7u8ul5n9hzy3oa",
  "fields": {
    "session_data": ".eJxVjDsOwjAQRO_iGllrB_8o6TlDNBuvcQAlUj4V4u4kUgroRvPezFu1WJfarrNMbZ_VRRl1-u0Y3VOGHeQHhvuou3FYpp71ruiDzvo2ZnldD_fvoGKu2xouQkpILqHxMJQ84OBshwIvRE0oHIklELGF3fI5UzHJS_aGY1afL_LwOEo:1wRPf7:8nXvG8QEUBN2No7GX7G7z88c2KRkWhND1zMw-HcYqpI",
    "expire_date": "2026-05-25T07:53:45.287Z"
  }
},
{
  "model": "sessions.session",
  "pk": "89dfmkkf4u683lretils6hlvufbojo4f",
  "fields": {
    "session_data": ".eJxVjEEOwiAQRe_C2pBCAQeX7nsGMgODVA0kpV0Z765NutDtf-_9lwi4rSVsnZcwJ3ERVpx-N8L44LqDdMd6azK2ui4zyV2RB-1yaomf18P9OyjYy7c-g_MEBoG8Ysqjd6xM1oRWaYJkRmAXyUfUTpsRFVmV0Zs0KIasBxDvD-Y6N9k:1wV176:uKtvVQokJaorFhBsHoIC8QLQrefQvQK9mR7uKGTMM5g",
    "expire_date": "2026-06-04T06:29:32.549Z"
  }
},
{
  "model": "sessions.session",
  "pk": "aaufr043osn7sks8b11fmooqwusc226c",
  "fields": {
    "session_data": ".eJxVjEEOgjAQRe_StWk6U8K0Lt17huYPLYIaSCisjHdXEha6_e-9_zIJ2zqkrZYljdmcDTlz-h0V3aNMO8l3TLfZdvO0LqPaXbEHrfY65_K8HO7fwYA6fGtfAkWNzIzoWhXfQKkJGc7nCO4JDhlFqVMRYlArrKFliEcMvZj3B_xnN-k:1wRTvQ:w3MvpBFo2ZQtO94ivR7UZmBDwUATE-9qH4jTaxVw8D0",
    "expire_date": "2026-05-25T12:26:52.000Z"
  }
},
{
  "model": "sessions.session",
  "pk": "aj6ei95l1mpyydz87a61vssfszjrxr14",
  "fields": {
    "session_data": ".eJxVjMsOwiAQRf-FtSHQ4ZG6dO83kGEYpGogKe3K-O9K0oVuzzn3vkTAfSth77yGJYmz8OL0yyLSg-sQ6Y711iS1uq1LlCORh-3y2hI_L0f7d1Cwl7Fml9nA5K21MJO3iXQEBURRqTxPmqwDTNFZncEYSg4Y0ZM3xqgvEO8P5ic3lQ:1wQ42f:k_wN7Ztgx3GZZ9zYHsA-sSfYpJpSif9pgNp5jaNvgkQ",
    "expire_date": "2026-05-21T14:36:29.634Z"
  }
},
{
  "model": "sessions.session",
  "pk": "c8vywt3owc47jcrg662rflbyxwg2jtq0",
  "fields": {
    "session_data": ".eJxVjMsOwiAQRf-FtSEwvMSle7-BDAxI1UBS2pXx322TLnR7zrn3zQKuSw3ryHOYiF2YZqdfFjE9c9sFPbDdO0-9LfMU-Z7www5-65Rf16P9O6g46rbO5L23ShhJJJwVXqGSEB3pIotKZoMZNEgEl7Wx0hgQoFPU8WwKSGCfL7_PNqE:1wNlGT:QeMBA9A1HUP8jmgFSvbYfxyXsbQi2UMUOmKskmvoPig",
    "expire_date": "2026-05-15T06:09:13.140Z"
  }
},
{
  "model": "sessions.session",
  "pk": "co2t6cplqqmj3jtdzipedx447252jld4",
  "fields": {
    "session_data": ".eJxVjMsOwiAQRf-FtSHQ4ZG6dO83kGEYpGogKe3K-O9K0oVuzzn3vkTAfSth77yGJYmz8OL0yyLSg-sQ6Y711iS1uq1LlCORh-3y2hI_L0f7d1Cwl7Fml9nA5K21MJO3iXQEBURRqTxPmqwDTNFZncEYSg4Y0ZM3xqgvEO8P5ic3lQ:1wPcdz:LX1tAks5Q7Bq7oKToVpJkgEfVv1T7N8Qe1SdcEKFMH4",
    "expire_date": "2026-05-20T09:21:11.665Z"
  }
},
{
  "model": "sessions.session",
  "pk": "eens7fjchpzhj4zkry44y4sk9qnbhopk",
  "fields": {
    "session_data": ".eJxVjDsOwjAQRO_iGllrB_8o6TlDNBuvcQAlUj4V4u4kUgroRvPezFu1WJfarrNMbZ_VRRl1-u0Y3VOGHeQHhvuou3FYpp71ruiDzvo2ZnldD_fvoGKu2xouQkpILqHxMJQ84OBshwIvRE0oHIklELGF3fI5UzHJS_aGY1afL_LwOEo:1wQ95f:X2_Mo0OVfuXRdLGjt6Qo3RO80wJpcZ1aK_3XMqjiJRo",
    "expire_date": "2026-05-21T19:59:55.459Z"
  }
},
{
  "model": "sessions.session",
  "pk": "f1fyida14japw8fpmiiydtoe35eax7go",
  "fields": {
    "session_data": ".eJxVjDsOwjAQRO_iGllrB_8o6TlDNBuvcQAlUj4V4u4kUgroRvPezFu1WJfarrNMbZ_VRRl1-u0Y3VOGHeQHhvuou3FYpp71ruiDzvo2ZnldD_fvoGKu2xouQkpILqHxMJQ84OBshwIvRE0oHIklELGF3fI5UzHJS_aGY1afL_LwOEo:1wV6Ff:z7VEUNp5t1_Z0r8iHr2t5Tfd67ymfCTGnMqisAFle_4",
    "expire_date": "2026-06-04T11:58:43.977Z"
  }
},
{
  "model": "sessions.session",
  "pk": "f2ncwvwhn1m0c2dccvl59caujvam76m5",
  "fields": {
    "session_data": ".eJxVjDEOwyAQBP9CHaEDDmxSpvcbEHAQnEQgGbuK8vfYkouk2WJndt_M-W0tbutpcTOxK7Ps8tsFH5-pHoAevt4bj62uyxz4ofCTdj41Sq_b6f4dFN_Lvh5AQ0aIuAeYUdvoRxCKFBKFaFDYPABmBRhySjJFE4wh66VGjUIa9vkCy2Q3PQ:1wQ6Lt:1tLG-y7jnzXcds5-4Kve0W6nX5pfF48MCwjyw4mL2EU",
    "expire_date": "2026-05-21T17:04:29.136Z"
  }
},
{
  "model": "sessions.session",
  "pk": "feeixngfpa45v8a95hbfkx9ai9m8ufpc",
  "fields": {
    "session_data": ".eJxVjLsOAiEQAP-F2hCWh-5Z2vsNZGFBTg0kx11l_HcluULbmcm8hKdtLX7rafEzi7MAEIdfGCg-Uh2G71RvTcZW12UOciRyt11eG6fnZW__BoV6Gd_stAXLmiKhRUvBqYgGItjIjBMqdCZbfQQXgPhkmBVORn3TxFmDeH8A8P03Yw:1wQ8DJ:SfWb5l0U8-Spl6nKk1Gg1DWkCXpHpUhaGtKLHsv3ALI",
    "expire_date": "2026-05-21T19:03:45.388Z"
  }
},
{
  "model": "sessions.session",
  "pk": "fyp77nzdnec4thdac74xmzvios1q4awm",
  "fields": {
    "session_data": ".eJxVjMsOwiAQRf-FtSEwvMSle7-BDAxI1UBS2pXx322TLnR7zrn3zQKuSw3ryHOYiF2YZqdfFjE9c9sFPbDdO0-9LfMU-Z7www5-65Rf16P9O6g46rbO5L23ShhJJJwVXqGSEB3pIotKZoMZNEgEl7Wx0hgQoFPU8WwKSGCfL7_PNqE:1wPkp1:tNbgPxnhN5a6RsGh8jwGAluFpjbDqe7h5Xf-jvuN5UI",
    "expire_date": "2026-05-20T18:05:07.141Z"
  }
},
{
  "model": "sessions.session",
  "pk": "h4xxsj6owu5fjkyaudqh2hp3v1t06dkv",
  "fields": {
    "session_data": ".eJxVjMsOwiAQRf-FtSEwvMSle7-BDAxI1UBS2pXx322TLnR7zrn3zQKuSw3ryHOYiF2YZqdfFjE9c9sFPbDdO0-9LfMU-Z7www5-65Rf16P9O6g46rbO5L23ShhJJJwVXqGSEB3pIotKZoMZNEgEl7Wx0hgQoFPU8WwKSGCfL7_PNqE:1wPGaF:zJq7lD8y-ebiA00Nj0oWyzvRr4QGNAKvKdD7g3yQ4XA",
    "expire_date": "2026-05-19T09:47:51.113Z"
  }
},
{
  "model": "sessions.session",
  "pk": "ivw7rh0hiei6grig7bg45wfylnrkvkrt",
  "fields": {
    "session_data": ".eJxVjDsOwjAQRO_iGllrB_8o6TlDNBuvcQAlUj4V4u4kUgroRvPezFu1WJfarrNMbZ_VRRl1-u0Y3VOGHeQHhvuou3FYpp71ruiDzvo2ZnldD_fvoGKu2xouQkpILqHxMJQ84OBshwIvRE0oHIklELGF3fI5UzHJS_aGY1afL_LwOEo:1wONiO:ccggodG9Dy7s5bAOUcT0akHi-0crJfiw8L6h3ILqYE0",
    "expire_date": "2026-05-16T23:12:36.679Z"
  }
},
{
  "model": "sessions.session",
  "pk": "j7idh0qkxuy2pmazepcrky2nb22j34k1",
  "fields": {
    "session_data": ".eJxVjDsOwjAQRO_iGllrB_8o6TlDNBuvcQAlUj4V4u4kUgroRvPezFu1WJfarrNMbZ_VRRl1-u0Y3VOGHeQHhvuou3FYpp71ruiDzvo2ZnldD_fvoGKu2xouQkpILqHxMJQ84OBshwIvRE0oHIklELGF3fI5UzHJS_aGY1afL_LwOEo:1wQLk3:OGrjm_rlskJ3vmnrcpnih2kUTiUnKzXT1FeESscH4GY",
    "expire_date": "2026-05-22T09:30:27.386Z"
  }
},
{
  "model": "sessions.session",
  "pk": "krj8ss70ecsd9vfj3ct7d053sdrvhdq1",
  "fields": {
    "session_data": ".eJxVjDsOwjAQRO_iGllrB_8o6TlDNBuvcQAlUj4V4u4kUgroRvPezFu1WJfarrNMbZ_VRRl1-u0Y3VOGHeQHhvuou3FYpp71ruiDzvo2ZnldD_fvoGKu2xouQkpILqHxMJQ84OBshwIvRE0oHIklELGF3fI5UzHJS_aGY1afL_LwOEo:1wPygF:hF8fGuQR6CYvQKiH3zXgtZJYXHAd-YKYiA8XByqB_so",
    "expire_date": "2026-05-21T08:52:59.605Z"
  }
},
{
  "model": "sessions.session",
  "pk": "l5ksnizo76y1xvwff2bp5fi9s4ljgm5c",
  "fields": {
    "session_data": ".eJxVjMsOwiAQRf-FtSHQ4ZG6dO83kGEYpGogKe3K-O9K0oVuzzn3vkTAfSth77yGJYmz8OL0yyLSg-sQ6Y711iS1uq1LlCORh-3y2hI_L0f7d1Cwl7Fml9nA5K21MJO3iXQEBURRqTxPmqwDTNFZncEYSg4Y0ZM3xqgvEO8P5ic3lQ:1wQOnF:HvgmMb-OzjVvjRtX7ljxOSEnIxcEmAxeY-OJu9QIYOM",
    "expire_date": "2026-05-22T12:45:57.919Z"
  }
},
{
  "model": "sessions.session",
  "pk": "liychxd4d9xpkmsa6d8h1zhcufmsdx6m",
  "fields": {
    "session_data": ".eJxVjMsOwiAQRf-FtSEwvMSle7-BDAxI1UBS2pXx322TLnR7zrn3zQKuSw3ryHOYiF2YZqdfFjE9c9sFPbDdO0-9LfMU-Z7www5-65Rf16P9O6g46rbO5L23ShhJJJwVXqGSEB3pIotKZoMZNEgEl7Wx0hgQoFPU8WwKSGCfL7_PNqE:1wNaQn:_-rTpB27fbNWkGcDLH4gvpQPs8ho7xlDFdNFoXWOtiM",
    "expire_date": "2026-05-14T18:35:09.557Z"
  }
},
{
  "model": "sessions.session",
  "pk": "loxlx7bm2s8xsy76j7q45skymvh0gsot",
  "fields": {
    "session_data": ".eJxVjMsOwiAQRf-FtSHQ4ZG6dO83kGEYpGogKe3K-O9K0oVuzzn3vkTAfSth77yGJYmz8OL0yyLSg-sQ6Y711iS1uq1LlCORh-3y2hI_L0f7d1Cwl7Fml9nA5K21MJO3iXQEBURRqTxPmqwDTNFZncEYSg4Y0ZM3xqgvEO8P5ic3lQ:1wRBx5:nUNUr8ZXjO3QPym6qM7F0Qi6ddbaQ3dAHqFOLTNaRak",
    "expire_date": "2026-05-24T17:15:23.493Z"
  }
},
{
  "model": "sessions.session",
  "pk": "lznqtk8e93jyl4mwevaghpl28vbeanlc",
  "fields": {
    "session_data": ".eJxVjDsOwjAQRO_iGllrB_8o6TlDNBuvcQAlUj4V4u4kUgroRvPezFu1WJfarrNMbZ_VRRl1-u0Y3VOGHeQHhvuou3FYpp71ruiDzvo2ZnldD_fvoGKu2xouQkpILqHxMJQ84OBshwIvRE0oHIklELGF3fI5UzHJS_aGY1afL_LwOEo:1wRcJV:7Z4Ga1ewnJ3PvAp_yXmpg1XpOaQZCfG6OJ8kvHkqXpg",
    "expire_date": "2026-05-25T21:24:17.653Z"
  }
},
{
  "model": "sessions.session",
  "pk": "nm8cwt3ph9ro9r05m3u4wjevw15b4538",
  "fields": {
    "session_data": "e30:1wRpjt:oZUaXX0nkQ4Hbml9AiqzfxrHGLLQ4V5aXRYO-ebLVjc",
    "expire_date": "2026-05-26T11:44:25.095Z"
  }
},
{
  "model": "sessions.session",
  "pk": "nmhfb15fr3gklwlk75b8ijdo66ozb9sq",
  "fields": {
    "session_data": ".eJxVjMsOwiAQRf-FtSHQ4ZG6dO83kGEYpGogKe3K-O9K0oVuzzn3vkTAfSth77yGJYmz8OL0yyLSg-sQ6Y711iS1uq1LlCORh-3y2hI_L0f7d1Cwl7Fml9nA5K21MJO3iXQEBURRqTxPmqwDTNFZncEYSg4Y0ZM3xqgvEO8P5ic3lQ:1wNozq:FxzLm_rtR7qmQeDq9NdXwqTJmtmbQThbgUqVoLZkxMA",
    "expire_date": "2026-05-15T10:08:18.025Z"
  }
},
{
  "model": "sessions.session",
  "pk": "nmn3sy8knes19qi6t3rk6z0ej8is5fiz",
  "fields": {
    "session_data": ".eJxVjDsOwjAQRO_iGllrB_8o6TlDNBuvcQAlUj4V4u4kUgroRvPezFu1WJfarrNMbZ_VRRl1-u0Y3VOGHeQHhvuou3FYpp71ruiDzvo2ZnldD_fvoGKu2xouQkpILqHxMJQ84OBshwIvRE0oHIklELGF3fI5UzHJS_aGY1afL_LwOEo:1wOew7:AsPwN6W6U9_fap9cIBTbPFF37L8Jth-4h5WHJEBwU1k",
    "expire_date": "2026-05-17T17:35:55.906Z"
  }
},
{
  "model": "sessions.session",
  "pk": "nn3mvfma60v3gpfsnmiu0o0uylbic2b9",
  "fields": {
    "session_data": ".eJxVjDsOwjAQRO_iGllrB_8o6TlDNBuvcQAlUj4V4u4kUgroRvPezFu1WJfarrNMbZ_VRRl1-u0Y3VOGHeQHhvuou3FYpp71ruiDzvo2ZnldD_fvoGKu2xouQkpILqHxMJQ84OBshwIvRE0oHIklELGF3fI5UzHJS_aGY1afL_LwOEo:1wNV6Q:S724UQnpJJNSXqDR9q3caZ30LGsemkQY4QST2rUkrSM",
    "expire_date": "2026-05-28T12:23:46.326Z"
  }
},
{
  "model": "sessions.session",
  "pk": "oldxroljlpq7qpouy0yr62uba3p7v5sq",
  "fields": {
    "session_data": ".eJxVjEEOwiAQRe_C2pBCAQeX7nsGMgODVA0kpV0Z765NutDtf-_9lwi4rSVsnZcwJ3ERVpx-N8L44LqDdMd6azK2ui4zyV2RB-1yaomf18P9OyjYy7c-g_MEBoG8Ysqjd6xM1oRWaYJkRmAXyUfUTpsRFVmV0Zs0KIasBxDvD-Y6N9k:1wNq8v:DQFXyGZqKf8EQuUUcPD5FyylTs76AKGFKM6zerk4pLM",
    "expire_date": "2026-05-15T11:21:45.980Z"
  }
},
{
  "model": "sessions.session",
  "pk": "p7rzonrim92hcpvl9i7io4tvn36rjwrt",
  "fields": {
    "session_data": ".eJxVjMsOwiAQRf-FtSEwvMSle7-BDAxI1UBS2pXx322TLnR7zrn3zQKuSw3ryHOYiF2YZqdfFjE9c9sFPbDdO0-9LfMU-Z7www5-65Rf16P9O6g46rbO5L23ShhJJJwVXqGSEB3pIotKZoMZNEgEl7Wx0hgQoFPU8WwKSGCfL7_PNqE:1wOKqU:A3KAHXGkLct8EeeVVOmuxbVQaACt7pOZSP1OjHFqnso",
    "expire_date": "2026-05-16T20:08:46.137Z"
  }
},
{
  "model": "sessions.session",
  "pk": "pfvinbh4gc0qi2c3d2epwgnfk9zyv4c3",
  "fields": {
    "session_data": ".eJxVjMsOwiAQRf-FtSHQ4ZG6dO83kGEYpGogKe3K-O9K0oVuzzn3vkTAfSth77yGJYmz8OL0yyLSg-sQ6Y711iS1uq1LlCORh-3y2hI_L0f7d1Cwl7Fml9nA5K21MJO3iXQEBURRqTxPmqwDTNFZncEYSg4Y0ZM3xqgvEO8P5ic3lQ:1wUI7L:7cX8FEuAEvAqovLriFqGuixR1-NNym21DRf0YSc8F_Y",
    "expire_date": "2026-06-02T06:26:47.736Z"
  }
},
{
  "model": "sessions.session",
  "pk": "q4bvor4cdssftcgvfmw2y2jqda97jzni",
  "fields": {
    "session_data": ".eJxVjEEOwiAQRe_C2pBCAQeX7nsGMgODVA0kpV0Z765NutDtf-_9lwi4rSVsnZcwJ3ERVpx-N8L44LqDdMd6azK2ui4zyV2RB-1yaomf18P9OyjYy7c-g_MEBoG8Ysqjd6xM1oRWaYJkRmAXyUfUTpsRFVmV0Zs0KIasBxDvD-Y6N9k:1wOMfh:sewugIDuOhkxVPz9UqJM-nB9Bix42Xl1fqX9YU-HhII",
    "expire_date": "2026-05-16T22:05:45.216Z"
  }
},
{
  "model": "sessions.session",
  "pk": "r87rotbat6ytccbzlmdwplasgmv7bmzm",
  "fields": {
    "session_data": ".eJxVjEEOwiAQRe_C2pBCAQeX7nsGMgODVA0kpV0Z765NutDtf-_9lwi4rSVsnZcwJ3ERVpx-N8L44LqDdMd6azK2ui4zyV2RB-1yaomf18P9OyjYy7c-g_MEBoG8Ysqjd6xM1oRWaYJkRmAXyUfUTpsRFVmV0Zs0KIasBxDvD-Y6N9k:1wR9aZ:sf4Nwie9n2dGrgNIOXEI5PR6BwhkN3Aq3pK4kTp_jIg",
    "expire_date": "2026-05-24T14:43:59.344Z"
  }
},
{
  "model": "sessions.session",
  "pk": "re43bieavzvifjqdaon4j4ccibd85p48",
  "fields": {
    "session_data": ".eJxVjMsOwiAQRf-FtSHQ4ZG6dO83kGEYpGogKe3K-O9K0oVuzzn3vkTAfSth77yGJYmz8OL0yyLSg-sQ6Y711iS1uq1LlCORh-3y2hI_L0f7d1Cwl7Fml9nA5K21MJO3iXQEBURRqTxPmqwDTNFZncEYSg4Y0ZM3xqgvEO8P5ic3lQ:1wNnNF:ZQkSd4FcNdxH1ejaaXh-_uze5GtG9F1LVbqc_OblQnA",
    "expire_date": "2026-05-15T08:24:21.243Z"
  }
},
{
  "model": "sessions.session",
  "pk": "rkea0x98fsdeio22lk0x92qei8sffiae",
  "fields": {
    "session_data": ".eJxVjMsOwiAQRf-FtSHQ4ZG6dO83kGEYpGogKe3K-O9K0oVuzzn3vkTAfSth77yGJYmz8OL0yyLSg-sQ6Y711iS1uq1LlCORh-3y2hI_L0f7d1Cwl7Fml9nA5K21MJO3iXQEBURRqTxPmqwDTNFZncEYSg4Y0ZM3xqgvEO8P5ic3lQ:1wPgC9:GQ8G_0_u46BmWEvIRoqj34XCgb0CSdO34iFToILRHeY",
    "expire_date": "2026-05-20T13:08:41.428Z"
  }
},
{
  "model": "sessions.session",
  "pk": "sbcn6ji2gh7xxofu80gw4sdlza4xz91j",
  "fields": {
    "session_data": ".eJxVjMsOwiAQRf-FtSF0pDxcuvcbyMAMUjWQlHZl_HfbpAvd3nPOfYuA61LC2nkOE4mLGECcfseI6cl1J_TAem8ytbrMU5S7Ig_a5a0Rv66H-3dQsJetHrPW3luNBpBHxcmAzdFqYIouYfKZ8KwpKsVgrMmQEc2gk3OWthTF5wsZbTjM:1wXYO6:9Xgype5lKXDsyHGhwM5ZW50XTHG33We-ojp7OMHriLM",
    "expire_date": "2026-06-11T06:25:34.506Z"
  }
},
{
  "model": "sessions.session",
  "pk": "sxzsmy15dv664ktv3le0nfcfxsgbat4k",
  "fields": {
    "session_data": ".eJxVjDsOwjAQRO_iGllrB_8o6TlDNBuvcQAlUj4V4u4kUgroRvPezFu1WJfarrNMbZ_VRRl1-u0Y3VOGHeQHhvuou3FYpp71ruiDzvo2ZnldD_fvoGKu2xouQkpILqHxMJQ84OBshwIvRE0oHIklELGF3fI5UzHJS_aGY1afL_LwOEo:1wQhl7:JpCp1C9g7GKOlYNzFM76t5MC7RH5rhtbE9vL2bTfDtA",
    "expire_date": "2026-05-23T09:01:01.835Z"
  }
},
{
  "model": "sessions.session",
  "pk": "tje85rei09ikiejxt51nc3tew5sr7ne4",
  "fields": {
    "session_data": ".eJxVjLsOAiEQAP-F2hCWh-5Z2vsNZGFBTg0kx11l_HcluULbmcm8hKdtLX7rafEzi7MAEIdfGCg-Uh2G71RvTcZW12UOciRyt11eG6fnZW__BoV6Gd_stAXLmiKhRUvBqYgGItjIjBMqdCZbfQQXgPhkmBVORn3TxFmDeH8A8P03Yw:1wQ17J:cUoUcdJnB1RlF8ZKVMi3B7xwKlBAIT4sd-l7GJF30AE",
    "expire_date": "2026-05-21T11:29:05.515Z"
  }
},
{
  "model": "sessions.session",
  "pk": "u6pda7wsjhyamffqequy5hhl4t54jsod",
  "fields": {
    "session_data": ".eJxVjEEOwiAQRe_C2pBCAQeX7nsGMgODVA0kpV0Z765NutDtf-_9lwi4rSVsnZcwJ3ERVpx-N8L44LqDdMd6azK2ui4zyV2RB-1yaomf18P9OyjYy7c-g_MEBoG8Ysqjd6xM1oRWaYJkRmAXyUfUTpsRFVmV0Zs0KIasBxDvD-Y6N9k:1wPx1z:HSVyv1QKJD00ZuDyfiK-TsljGRCRiFUfa2yKz617mCA",
    "expire_date": "2026-05-21T07:07:19.166Z"
  }
},
{
  "model": "sessions.session",
  "pk": "v9cqtbz5b3kyjmpww5kdpm9i1m809um6",
  "fields": {
    "session_data": ".eJxVjLsOAiEQAP-F2hCWh-5Z2vsNZGFBTg0kx11l_HcluULbmcm8hKdtLX7rafEzi7MAEIdfGCg-Uh2G71RvTcZW12UOciRyt11eG6fnZW__BoV6Gd_stAXLmiKhRUvBqYgGItjIjBMqdCZbfQQXgPhkmBVORn3TxFmDeH8A8P03Yw:1wQ8Yf:hXC-J4YibkcC7c49R2Pll9h3jhuhGkb6lpiF1lczC-0",
    "expire_date": "2026-05-21T19:25:49.333Z"
  }
},
{
  "model": "sessions.session",
  "pk": "vpkamrg8em8c3j4eihznn85kouc1laf2",
  "fields": {
    "session_data": ".eJxVjDsOwjAQRO_iGllrB_8o6TlDNBuvcQAlUj4V4u4kUgroRvPezFu1WJfarrNMbZ_VRRl1-u0Y3VOGHeQHhvuou3FYpp71ruiDzvo2ZnldD_fvoGKu2xouQkpILqHxMJQ84OBshwIvRE0oHIklELGF3fI5UzHJS_aGY1afL_LwOEo:1wNXYI:ICAdf1bxpQ_DK5A6g8IRjIzGZpcFSv_JLdujW9Y_Bwk",
    "expire_date": "2026-05-14T15:30:42.822Z"
  }
},
{
  "model": "sessions.session",
  "pk": "vpwwqctz6px7msgna2vj758e8efrj4im",
  "fields": {
    "session_data": ".eJxVjMsOwiAQRf-FtSHQ4ZG6dO83kGEYpGogKe3K-O9K0oVuzzn3vkTAfSth77yGJYmz8OL0yyLSg-sQ6Y711iS1uq1LlCORh-3y2hI_L0f7d1Cwl7Fml9nA5K21MJO3iXQEBURRqTxPmqwDTNFZncEYSg4Y0ZM3xqgvEO8P5ic3lQ:1wPfJC:rRBc-fUcwG78wccxLeYTAojFPfweAr9el3XE5ElnpaY",
    "expire_date": "2026-05-20T12:11:54.953Z"
  }
},
{
  "model": "sessions.session",
  "pk": "vt269t8pvyj9y0nimoh2ejmnre22nubj",
  "fields": {
    "session_data": ".eJxVjDsOwjAQRO_iGllrB_8o6TlDNBuvcQAlUj4V4u4kUgroRvPezFu1WJfarrNMbZ_VRRl1-u0Y3VOGHeQHhvuou3FYpp71ruiDzvo2ZnldD_fvoGKu2xouQkpILqHxMJQ84OBshwIvRE0oHIklELGF3fI5UzHJS_aGY1afL_LwOEo:1wOyeM:Vfx_WgrN_DFOzxwXxlZwWnAFdA9uTyFgvKwc71PGc9U",
    "expire_date": "2026-05-18T14:38:54.385Z"
  }
},
{
  "model": "sessions.session",
  "pk": "w3jwgff9dry5xj4l00wovdmdn5rr5zwo",
  "fields": {
    "session_data": ".eJxVjDsOwjAQRO_iGllrB_8o6TlDNBuvcQAlUj4V4u4kUgroRvPezFu1WJfarrNMbZ_VRRl1-u0Y3VOGHeQHhvuou3FYpp71ruiDzvo2ZnldD_fvoGKu2xouQkpILqHxMJQ84OBshwIvRE0oHIklELGF3fI5UzHJS_aGY1afL_LwOEo:1wPNFZ:NQqPqwXTJpZh1hjp1sJdI5_NC9XO1DC9CgDlUR4URQQ",
    "expire_date": "2026-05-19T16:54:57.902Z"
  }
},
{
  "model": "sessions.session",
  "pk": "xa6qdb0ajjaaapfbv52opo5cgj4qakcp",
  "fields": {
    "session_data": ".eJxVjEEOwiAQRe_C2pBCAQeX7nsGMgODVA0kpV0Z765NutDtf-_9lwi4rSVsnZcwJ3ERVpx-N8L44LqDdMd6azK2ui4zyV2RB-1yaomf18P9OyjYy7c-g_MEBoG8Ysqjd6xM1oRWaYJkRmAXyUfUTpsRFVmV0Zs0KIasBxDvD-Y6N9k:1wV92q:ic455SA33o8v3dbqnbZ48Rf2QNGFO7Cal79jmkOpe0o",
    "expire_date": "2026-06-04T14:57:40.899Z"
  }
},
{
  "model": "sessions.session",
  "pk": "xpd6umwadj2lr70xff2vsv6debmhasbc",
  "fields": {
    "session_data": ".eJxVjEEOwiAQRe_C2pBCAQeX7nsGMgODVA0kpV0Z765NutDtf-_9lwi4rSVsnZcwJ3ERVpx-N8L44LqDdMd6azK2ui4zyV2RB-1yaomf18P9OyjYy7c-g_MEBoG8Ysqjd6xM1oRWaYJkRmAXyUfUTpsRFVmV0Zs0KIasBxDvD-Y6N9k:1wVCuM:Ug81O7DhOQDGD6dOEoCnhZpbePRsVuq2J-ot6Xi7cMo",
    "expire_date": "2026-06-04T19:05:10.969Z"
  }
},
{
  "model": "sessions.session",
  "pk": "z9d3uinududlhgoi22qarvu3qtn67lfl",
  "fields": {
    "session_data": ".eJxVjMsOwiAQRf-FtSEwvMSle7-BDAxI1UBS2pXx322TLnR7zrn3zQKuSw3ryHOYiF2YZqdfFjE9c9sFPbDdO0-9LfMU-Z7www5-65Rf16P9O6g46rbO5L23ShhJJJwVXqGSEB3pIotKZoMZNEgEl7Wx0hgQoFPU8WwKSGCfL7_PNqE:1wRUQX:cgHt1eFEPP-6j-kduJVNwSfpaXAv8oyTrbY_Rrr5BqY",
    "expire_date": "2026-05-25T12:59:01.264Z"
  }
},
{
  "model": "sessions.session",
  "pk": "zmowqaaw7bw51m3nvd5kjob9lr93ec6c",
  "fields": {
    "session_data": ".eJxVjMsOwiAQRf-FtSHQ4ZG6dO83kGEYpGogKe3K-O9K0oVuzzn3vkTAfSth77yGJYmz8OL0yyLSg-sQ6Y711iS1uq1LlCORh-3y2hI_L0f7d1Cwl7Fml9nA5K21MJO3iXQEBURRqTxPmqwDTNFZncEYSg4Y0ZM3xqgvEO8P5ic3lQ:1wRUUS:xzc2Zug-NBcCsUhCsUBHH_C4k4aTwuABDNbyJzoDe_A",
    "expire_date": "2026-05-25T13:03:04.439Z"
  }
},
{
  "model": "magahospital.patient",
  "pk": 51,
  "fields": {
    "idno": "3UIYIPJUU",
    "firstname": "Ng'ombe",
    "secondname": "Nyeusi",
    "age": 34,
    "address": "Majengo",
    "sex": "M",
    "created_at": "2026-06-04T13:57:34.084Z"
  }
},
{
  "model": "magahospital.patient",
  "pk": 52,
  "fields": {
    "idno": "W78PYJ01T",
    "firstname": "Juma",
    "secondname": "Shija",
    "age": 32,
    "address": "Kianda",
    "sex": "M",
    "created_at": "2026-06-04T18:26:22.823Z"
  }
},
{
  "model": "magahospital.patient",
  "pk": 53,
  "fields": {
    "idno": "OG4YC1SNX",
    "firstname": "Mwashi",
    "secondname": "John",
    "age": 26,
    "address": "Mwasele",
    "sex": "F",
    "created_at": "2026-06-11T05:48:37.193Z"
  }
},
{
  "model": "magahospital.visit",
  "pk": 76,
  "fields": {
    "patient": 51,
    "date": "2026-06-04T13:58:30.849Z",
    "status": "Completed"
  }
},
{
  "model": "magahospital.visit",
  "pk": 77,
  "fields": {
    "patient": 52,
    "date": "2026-06-04T18:26:29.548Z",
    "status": "Completed"
  }
},
{
  "model": "magahospital.visit",
  "pk": 78,
  "fields": {
    "patient": 53,
    "date": "2026-06-11T05:48:41.927Z",
    "status": "Waiting Cashier"
  }
},
{
  "model": "magahospital.doctor",
  "pk": 66,
  "fields": {
    "visit": 76,
    "doctor": 7,
    "history": "Fever, headache",
    "diagnosis": "Acute malaria",
    "next_step": "Lab",
    "created_at": "2026-06-04T14:02:16.170Z",
    "tests": [
      5,
      8
    ]
  }
},
{
  "model": "magahospital.doctor",
  "pk": 67,
  "fields": {
    "visit": 77,
    "doctor": 7,
    "history": "Fever",
    "diagnosis": "Acute malaria",
    "next_step": "Lab",
    "created_at": "2026-06-04T18:29:07.253Z",
    "tests": [
      5,
      6,
      8
    ]
  }
},
{
  "model": "magahospital.doctor",
  "pk": 68,
  "fields": {
    "visit": 78,
    "doctor": 7,
    "history": "Fever",
    "diagnosis": "Acute Malaria",
    "next_step": "Lab",
    "created_at": "2026-06-11T05:50:09.351Z",
    "tests": [
      8
    ]
  }
},
{
  "model": "magahospital.lab",
  "pk": 47,
  "fields": {
    "visit": 76,
    "lab_type": 1,
    "results": "1. Malaria seen\r\n2. No parasite in urine",
    "created_at": "2026-06-04T14:14:54.958Z"
  }
},
{
  "model": "magahospital.lab",
  "pk": 48,
  "fields": {
    "visit": 77,
    "lab_type": 1,
    "results": "Malaria seen, urinalysis negative, and HIV negative",
    "created_at": "2026-06-04T18:30:53.541Z"
  }
},
{
  "model": "magahospital.lab",
  "pk": 49,
  "fields": {
    "visit": 78,
    "lab_type": 2,
    "results": "Malaria seen",
    "created_at": "2026-06-11T05:51:25.970Z"
  }
},
{
  "model": "magahospital.prescription",
  "pk": 52,
  "fields": {
    "visit": 76,
    "medication": "Coartem 20/120mg, Paracetamol 500mg",
    "dose": 1,
    "frequency": 1,
    "days": 1,
    "notes": "Co - 2*3/6, PCM - 2*3/4",
    "created_at": "2026-06-04T14:19:02.150Z"
  }
},
{
  "model": "magahospital.prescription",
  "pk": 53,
  "fields": {
    "visit": 77,
    "medication": "Coartem 20/120mg, Paracetamol 500mg",
    "dose": 1,
    "frequency": 1,
    "days": 1,
    "notes": "Coartem - 2*3/6, Paracetamol - 2*3/4",
    "created_at": "2026-06-04T18:32:45.508Z"
  }
},
{
  "model": "magahospital.prescription",
  "pk": 54,
  "fields": {
    "visit": 78,
    "medication": "Fluconazole 150mg, Paracetamol 500mg",
    "dose": 1,
    "frequency": 1,
    "days": 1,
    "notes": "Fluconazole - 2x3/5, Paracetamol - 2x3/4",
    "created_at": "2026-06-11T05:53:15.328Z"
  }
},
{
  "model": "magahospital.bill",
  "pk": 39,
  "fields": {
    "visit": 76,
    "consultation_fee": "10000.00",
    "lab_fee": "12000.00",
    "medication_fee": "90000.00",
    "procedure_fee": "0.00",
    "total_amount": "112000.00",
    "adjusted_medications": [
      {
        "dose": 2,
        "name": "Co",
        "total": 90000.0,
        "quantity": 36,
        "frequency": 3,
        "input_key": "Co",
        "unit_price": 2500.0,
        "dispense_days": 6,
        "prescribed_days": 6
      }
    ],
    "is_paid": true,
    "created_at": "2026-06-04T14:21:23.752Z"
  }
},
{
  "model": "magahospital.bill",
  "pk": 40,
  "fields": {
    "visit": 77,
    "consultation_fee": "10000.00",
    "lab_fee": "12000.00",
    "medication_fee": "94800.00",
    "procedure_fee": "0.00",
    "total_amount": "116800.00",
    "adjusted_medications": [
      {
        "dose": 2,
        "name": "Coartem",
        "total": 90000.0,
        "quantity": 36,
        "frequency": 3,
        "input_key": "Coartem",
        "unit_price": 2500.0,
        "dispense_days": 6,
        "prescribed_days": 6
      },
      {
        "dose": 2,
        "name": "Paracetamol",
        "total": 4800.0,
        "quantity": 24,
        "frequency": 3,
        "input_key": "Paracetamol",
        "unit_price": 200.0,
        "dispense_days": 4,
        "prescribed_days": 4
      }
    ],
    "is_paid": true,
    "created_at": "2026-06-04T18:33:02.434Z"
  }
},
{
  "model": "magahospital.medicinestock",
  "pk": 2,
  "fields": {
    "medicine_name": "Amoxicillin 500mg",
    "quantity": 145,
    "unit_price": "500.00",
    "expiry_date": "2027-10-30",
    "batch_number": "AMOX-2026-02",
    "low_stock_alert": 15,
    "created_at": "2026-05-23T09:17:12.740Z"
  }
},
{
  "model": "magahospital.medicinestock",
  "pk": 3,
  "fields": {
    "medicine_name": "Paracetamol 500mg",
    "quantity": 52,
    "unit_price": "200.00",
    "expiry_date": "2027-12-31",
    "batch_number": "PARA-2026-01",
    "low_stock_alert": 20,
    "created_at": "2026-05-23T09:23:59.923Z"
  }
},
{
  "model": "magahospital.medicinestock",
  "pk": 4,
  "fields": {
    "medicine_name": "Azithromycin 250mg",
    "quantity": 80,
    "unit_price": "1200.00",
    "expiry_date": "2026-05-22",
    "batch_number": "AZI-2026-03",
    "low_stock_alert": 10,
    "created_at": "2026-05-23T10:43:28.532Z"
  }
},
{
  "model": "magahospital.medicinestock",
  "pk": 5,
  "fields": {
    "medicine_name": "Metronidazole 400mg",
    "quantity": 120,
    "unit_price": "350.00",
    "expiry_date": "2026-06-05",
    "batch_number": "MET-2026-04",
    "low_stock_alert": 15,
    "created_at": "2026-05-23T10:45:39.372Z"
  }
},
{
  "model": "magahospital.medicinestock",
  "pk": 6,
  "fields": {
    "medicine_name": "Diclofenac 50mg",
    "quantity": 90,
    "unit_price": "400.00",
    "expiry_date": "2026-08-30",
    "batch_number": "DICLO-2026-05",
    "low_stock_alert": 10,
    "created_at": "2026-05-23T14:48:48.536Z"
  }
},
{
  "model": "magahospital.medicinestock",
  "pk": 7,
  "fields": {
    "medicine_name": "Ibuprofen 400mg",
    "quantity": 100,
    "unit_price": "300.00",
    "expiry_date": "2026-12-15",
    "batch_number": "IBU-2026-06",
    "low_stock_alert": 15,
    "created_at": "2026-05-23T14:52:02.522Z"
  }
},
{
  "model": "magahospital.medicinestock",
  "pk": 8,
  "fields": {
    "medicine_name": "Omeprazole 20mg",
    "quantity": 75,
    "unit_price": "600.00",
    "expiry_date": "2028-01-31",
    "batch_number": "OMEP-2026-07",
    "low_stock_alert": 10,
    "created_at": "2026-05-23T15:00:30.238Z"
  }
},
{
  "model": "magahospital.medicinestock",
  "pk": 9,
  "fields": {
    "medicine_name": "Coartem 20/120mg",
    "quantity": 0,
    "unit_price": "2500.00",
    "expiry_date": "2027-10-15",
    "batch_number": "COA-2026-08",
    "low_stock_alert": 10,
    "created_at": "2026-05-23T15:01:49.378Z"
  }
},
{
  "model": "magahospital.medicinestock",
  "pk": 10,
  "fields": {
    "medicine_name": "Ceftriaxone 1g Injection",
    "quantity": 35,
    "unit_price": "3500.00",
    "expiry_date": "2027-11-01",
    "batch_number": "CEF-2026-09",
    "low_stock_alert": 5,
    "created_at": "2026-05-23T15:03:06.413Z"
  }
},
{
  "model": "magahospital.medicinestock",
  "pk": 11,
  "fields": {
    "medicine_name": "ORS Sachets",
    "quantity": 200,
    "unit_price": "500.00",
    "expiry_date": "2028-03-31",
    "batch_number": "ORS-2026-10",
    "low_stock_alert": 25,
    "created_at": "2026-05-23T15:05:30.251Z"
  }
},
{
  "model": "magahospital.medicinestock",
  "pk": 12,
  "fields": {
    "medicine_name": "Zinc Sulphate Tablets",
    "quantity": 100,
    "unit_price": "250.00",
    "expiry_date": "2027-07-31",
    "batch_number": "ZINC-2026-11",
    "low_stock_alert": 15,
    "created_at": "2026-05-23T15:06:59.841Z"
  }
},
{
  "model": "magahospital.medicinestock",
  "pk": 13,
  "fields": {
    "medicine_name": "Salbutamol Inhaler",
    "quantity": 35,
    "unit_price": "12000.00",
    "expiry_date": "2027-12-20",
    "batch_number": "SALB-2026-12",
    "low_stock_alert": 5,
    "created_at": "2026-05-23T15:10:09.936Z"
  }
},
{
  "model": "magahospital.medicinestock",
  "pk": 14,
  "fields": {
    "medicine_name": "Fluconazole 150mg",
    "quantity": 40,
    "unit_price": "1500.00",
    "expiry_date": "2027-10-31",
    "batch_number": "FLU-2026-13",
    "low_stock_alert": 8,
    "created_at": "2026-05-23T15:12:47.558Z"
  }
},
{
  "model": "magahospital.medicinestock",
  "pk": 15,
  "fields": {
    "medicine_name": "Cotrimoxazole 960mg",
    "quantity": 10,
    "unit_price": "450.00",
    "expiry_date": "2027-09-15",
    "batch_number": "COT-2026-14",
    "low_stock_alert": 10,
    "created_at": "2026-05-23T15:14:26.447Z"
  }
},
{
  "model": "magahospital.medicinestock",
  "pk": 16,
  "fields": {
    "medicine_name": "Doxycycline 100mg",
    "quantity": 70,
    "unit_price": "600.00",
    "expiry_date": "2027-11-25",
    "batch_number": "DOXY-2026-15",
    "low_stock_alert": 10,
    "created_at": "2026-05-23T15:15:40.929Z"
  }
},
{
  "model": "magahospital.dispense",
  "pk": 46,
  "fields": {
    "visit": 76,
    "medication_given": 9,
    "quantity": "2*3/6",
    "dispensed_quantity": 36,
    "created_at": "2026-06-04T14:25:32.532Z"
  }
},
{
  "model": "magahospital.dispense",
  "pk": 47,
  "fields": {
    "visit": 76,
    "medication_given": 3,
    "quantity": "2*3/4",
    "dispensed_quantity": 24,
    "created_at": "2026-06-04T14:26:16.022Z"
  }
},
{
  "model": "magahospital.dispense",
  "pk": 48,
  "fields": {
    "visit": 77,
    "medication_given": 3,
    "quantity": "2*3/4",
    "dispensed_quantity": 24,
    "created_at": "2026-06-04T18:35:10.523Z"
  }
},
{
  "model": "magahospital.chatmessage",
  "pk": 1,
  "fields": {
    "user": null,
    "user_message": "Hello",
    "bot_response": "Sorry, I could not find an answer to your question.",
    "created_at": "2026-05-10T15:25:57.021Z"
  }
},
{
  "model": "magahospital.chatmessage",
  "pk": 6,
  "fields": {
    "user": null,
    "user_message": "Hi",
    "bot_response": "Hi 😊 Welcome to Maga Hospital.",
    "created_at": "2026-05-11T04:55:34.147Z"
  }
},
{
  "model": "magahospital.chatmessage",
  "pk": 7,
  "fields": {
    "user": null,
    "user_message": "How are you",
    "bot_response": "Sorry, I could not find an answer to your question.",
    "created_at": "2026-05-11T04:55:45.160Z"
  }
},
{
  "model": "magahospital.chatmessage",
  "pk": 8,
  "fields": {
    "user": null,
    "user_message": "Tell me your services",
    "bot_response": "We provide consultation, laboratory, pharmacy, maternity, emergency, and inpatient services.",
    "created_at": "2026-05-11T04:56:02.987Z"
  }
},
{
  "model": "magahospital.chatmessage",
  "pk": 9,
  "fields": {
    "user": null,
    "user_message": "where are you located",
    "bot_response": "Sorry, I could not find an answer to your question.",
    "created_at": "2026-05-11T04:56:22.010Z"
  }
},
{
  "model": "magahospital.chatmessage",
  "pk": 10,
  "fields": {
    "user": null,
    "user_message": "your location please",
    "bot_response": "Maga Hospital is located in Tanzania.",
    "created_at": "2026-05-11T04:56:32.717Z"
  }
},
{
  "model": "magahospital.chatmessage",
  "pk": 11,
  "fields": {
    "user": null,
    "user_message": "how about doctors",
    "bot_response": "Our doctors are available Monday to Saturday.",
    "created_at": "2026-05-11T04:56:58.641Z"
  }
},
{
  "model": "magahospital.chatmessage",
  "pk": 12,
  "fields": {
    "user": null,
    "user_message": "okay nice, bye",
    "bot_response": "Goodbye 👋 Thank you for visiting Maga Hospital.",
    "created_at": "2026-05-11T04:57:19.674Z"
  }
},
{
  "model": "magahospital.chatmessage",
  "pk": 16,
  "fields": {
    "user": null,
    "user_message": "Hello",
    "bot_response": "Hello 👋 Welcome to Maga Hospital. How can I assist you today?",
    "created_at": "2026-05-13T14:30:42.246Z"
  }
},
{
  "model": "magahospital.chatmessage",
  "pk": 17,
  "fields": {
    "user": null,
    "user_message": "hello",
    "bot_response": "Hello 👋 Welcome to Maga Hospital. How can I assist you today?",
    "created_at": "2026-05-13T14:38:13.761Z"
  }
},
{
  "model": "magahospital.chatmessage",
  "pk": 18,
  "fields": {
    "user": null,
    "user_message": "location",
    "bot_response": "Maga Hospital is located in Tanzania.",
    "created_at": "2026-05-13T14:38:22.477Z"
  }
},
{
  "model": "magahospital.chatmessage",
  "pk": 19,
  "fields": {
    "user": null,
    "user_message": "Hello",
    "bot_response": "Hello 👋 Welcome to Maga Hospital. How can I assist you today?",
    "created_at": "2026-05-13T15:46:45.914Z"
  }
},
{
  "model": "magahospital.chatmessage",
  "pk": 20,
  "fields": {
    "user": null,
    "user_message": "Your location please",
    "bot_response": "Maga Hospital is located in Tanzania.",
    "created_at": "2026-05-13T15:47:00.315Z"
  }
},
{
  "model": "magahospital.chatmessage",
  "pk": 21,
  "fields": {
    "user": null,
    "user_message": "okay bye",
    "bot_response": "Goodbye 👋 Thank you for visiting Maga Hospital.",
    "created_at": "2026-05-13T15:47:09.052Z"
  }
},
{
  "model": "magahospital.chatmessage",
  "pk": 22,
  "fields": {
    "user": null,
    "user_message": "Hello",
    "bot_response": "Hello 👋 Welcome to Maga Hospital. How can I assist you today?",
    "created_at": "2026-05-13T15:49:28.819Z"
  }
},
{
  "model": "magahospital.chatmessage",
  "pk": 23,
  "fields": {
    "user": null,
    "user_message": "can you tell me your location",
    "bot_response": "Maga Hospital is located in Tanzania.",
    "created_at": "2026-05-13T15:49:43.093Z"
  }
},
{
  "model": "magahospital.chatmessage",
  "pk": 24,
  "fields": {
    "user": null,
    "user_message": "good",
    "bot_response": "Sorry, I could not find an answer to your question.",
    "created_at": "2026-05-13T15:49:50.689Z"
  }
},
{
  "model": "magahospital.chatmessage",
  "pk": 25,
  "fields": {
    "user": null,
    "user_message": "hello",
    "bot_response": "Hello 👋 Welcome to Maga Hospital. How can I assist you today?",
    "created_at": "2026-05-13T16:12:23.325Z"
  }
},
{
  "model": "magahospital.chatmessage",
  "pk": 27,
  "fields": {
    "user": null,
    "user_message": "hello",
    "bot_response": "Hello 👋 Welcome to Maga Hospital. How can I assist you today?",
    "created_at": "2026-05-13T19:28:22.095Z"
  }
},
{
  "model": "magahospital.chatmessage",
  "pk": 28,
  "fields": {
    "user": null,
    "user_message": "Hello",
    "bot_response": "Hello 👋 Welcome to Maga Hospital. How can I assist you today?",
    "created_at": "2026-05-14T05:12:24.201Z"
  }
},
{
  "model": "magahospital.chatmessage",
  "pk": 29,
  "fields": {
    "user": null,
    "user_message": "Thank you and bye",
    "bot_response": "Goodbye 👋 Thank you for visiting Maga Hospital.",
    "created_at": "2026-05-14T05:12:37.730Z"
  }
},
{
  "model": "magahospital.chatmessage",
  "pk": 30,
  "fields": {
    "user": null,
    "user_message": "hi",
    "bot_response": "Hi 😊 Welcome to Maga Hospital.",
    "created_at": "2026-05-14T07:24:39.652Z"
  }
},
{
  "model": "magahospital.chatmessage",
  "pk": 31,
  "fields": {
    "user": null,
    "user_message": "bye",
    "bot_response": "Goodbye 👋 Thank you for visiting Maga Hospital.",
    "created_at": "2026-05-14T07:24:45.459Z"
  }
},
{
  "model": "magahospital.chatmessage",
  "pk": 32,
  "fields": {
    "user": null,
    "user_message": "hello",
    "bot_response": "",
    "created_at": "2026-05-14T16:34:08.511Z"
  }
},
{
  "model": "magahospital.chatmessage",
  "pk": 33,
  "fields": {
    "user": null,
    "user_message": "bye",
    "bot_response": "",
    "created_at": "2026-05-14T16:34:13.372Z"
  }
},
{
  "model": "magahospital.chatmessage",
  "pk": 34,
  "fields": {
    "user": null,
    "user_message": "oooh your location",
    "bot_response": "",
    "created_at": "2026-05-14T16:34:21.482Z"
  }
},
{
  "model": "magahospital.chatmessage",
  "pk": 35,
  "fields": {
    "user": null,
    "user_message": "okay bye",
    "bot_response": "",
    "created_at": "2026-05-14T16:34:27.387Z"
  }
},
{
  "model": "magahospital.chatmessage",
  "pk": 36,
  "fields": {
    "user": null,
    "user_message": "hello",
    "bot_response": "",
    "created_at": "2026-05-15T04:59:46.067Z"
  }
},
{
  "model": "magahospital.chatmessage",
  "pk": 37,
  "fields": {
    "user": null,
    "user_message": "location",
    "bot_response": "",
    "created_at": "2026-05-15T05:00:28.811Z"
  }
},
{
  "model": "magahospital.chatmessage",
  "pk": 38,
  "fields": {
    "user": null,
    "user_message": "And what are your services",
    "bot_response": "",
    "created_at": "2026-05-15T05:05:46.158Z"
  }
},
{
  "model": "magahospital.chatmessage",
  "pk": 39,
  "fields": {
    "user": null,
    "user_message": "good",
    "bot_response": "",
    "created_at": "2026-05-15T05:05:56.000Z"
  }
},
{
  "model": "magahospital.chatmessage",
  "pk": 40,
  "fields": {
    "user": null,
    "user_message": "okay bye",
    "bot_response": "",
    "created_at": "2026-05-15T05:06:12.164Z"
  }
},
{
  "model": "magahospital.chatmessage",
  "pk": 41,
  "fields": {
    "user": null,
    "user_message": "hello",
    "bot_response": "",
    "created_at": "2026-05-15T11:43:20.928Z"
  }
},
{
  "model": "magahospital.chatmessage",
  "pk": 42,
  "fields": {
    "user": null,
    "user_message": "hello",
    "bot_response": "",
    "created_at": "2026-05-15T14:36:51.934Z"
  }
},
{
  "model": "magahospital.chatmessage",
  "pk": 43,
  "fields": {
    "user": null,
    "user_message": "bye",
    "bot_response": "",
    "created_at": "2026-05-15T14:37:01.831Z"
  }
},
{
  "model": "magahospital.chatmessage",
  "pk": 44,
  "fields": {
    "user": null,
    "user_message": "hello",
    "bot_response": "",
    "created_at": "2026-05-16T17:57:43.871Z"
  }
},
{
  "model": "magahospital.chatmessage",
  "pk": 45,
  "fields": {
    "user": null,
    "user_message": "hello",
    "bot_response": "",
    "created_at": "2026-05-16T17:59:35.811Z"
  }
},
{
  "model": "magahospital.chatmessage",
  "pk": 46,
  "fields": {
    "user": null,
    "user_message": "mambo",
    "bot_response": "",
    "created_at": "2026-05-16T17:59:39.501Z"
  }
},
{
  "model": "magahospital.chatmessage",
  "pk": 47,
  "fields": {
    "user": null,
    "user_message": "who are you",
    "bot_response": "",
    "created_at": "2026-05-16T17:59:49.245Z"
  }
},
{
  "model": "magahospital.chatmessage",
  "pk": 48,
  "fields": {
    "user": null,
    "user_message": "tell me in which country are you located",
    "bot_response": "",
    "created_at": "2026-05-16T18:00:08.537Z"
  }
},
{
  "model": "magahospital.chatmessage",
  "pk": 49,
  "fields": {
    "user": null,
    "user_message": "you don't want to tell me your location",
    "bot_response": "",
    "created_at": "2026-05-16T18:00:32.515Z"
  }
},
{
  "model": "magahospital.chatmessage",
  "pk": 50,
  "fields": {
    "user": null,
    "user_message": "okay, bye",
    "bot_response": "",
    "created_at": "2026-05-16T18:00:45.510Z"
  }
},
{
  "model": "magahospital.chatmessage",
  "pk": 51,
  "fields": {
    "user": null,
    "user_message": "Hello",
    "bot_response": "",
    "created_at": "2026-05-22T04:51:01.496Z"
  }
},
{
  "model": "magahospital.chatmessage",
  "pk": 52,
  "fields": {
    "user": null,
    "user_message": "where are you",
    "bot_response": "",
    "created_at": "2026-05-22T04:51:13.282Z"
  }
},
{
  "model": "magahospital.chatmessage",
  "pk": 53,
  "fields": {
    "user": null,
    "user_message": "your location please",
    "bot_response": "",
    "created_at": "2026-05-22T04:51:25.526Z"
  }
},
{
  "model": "magahospital.chatmessage",
  "pk": 54,
  "fields": {
    "user": null,
    "user_message": "okay, bye",
    "bot_response": "",
    "created_at": "2026-05-22T04:51:32.290Z"
  }
},
{
  "model": "magahospital.chatmessage",
  "pk": 55,
  "fields": {
    "user": null,
    "user_message": "Helloo",
    "bot_response": "",
    "created_at": "2026-05-23T07:25:13.444Z"
  }
},
{
  "model": "magahospital.chatmessage",
  "pk": 56,
  "fields": {
    "user": null,
    "user_message": "Your location please",
    "bot_response": "",
    "created_at": "2026-05-23T07:25:27.542Z"
  }
},
{
  "model": "magahospital.chatmessage",
  "pk": 57,
  "fields": {
    "user": null,
    "user_message": "who are you",
    "bot_response": "",
    "created_at": "2026-05-24T12:52:47.112Z"
  }
},
{
  "model": "magahospital.chatmessage",
  "pk": 58,
  "fields": {
    "user": null,
    "user_message": "what are the services offered in maga hospital",
    "bot_response": "",
    "created_at": "2026-05-24T12:53:28.954Z"
  }
},
{
  "model": "magahospital.chatmessage",
  "pk": 59,
  "fields": {
    "user": null,
    "user_message": "okay, your location",
    "bot_response": "",
    "created_at": "2026-05-24T12:53:43.437Z"
  }
},
{
  "model": "magahospital.chatmessage",
  "pk": 60,
  "fields": {
    "user": null,
    "user_message": "how about doctors",
    "bot_response": "",
    "created_at": "2026-05-24T12:53:56.776Z"
  }
},
{
  "model": "magahospital.chatmessage",
  "pk": 61,
  "fields": {
    "user": null,
    "user_message": "okay",
    "bot_response": "",
    "created_at": "2026-05-24T12:54:03.588Z"
  }
},
{
  "model": "magahospital.chatmessage",
  "pk": 62,
  "fields": {
    "user": null,
    "user_message": "bye",
    "bot_response": "",
    "created_at": "2026-05-24T12:54:07.277Z"
  }
},
{
  "model": "magahospital.chatmessage",
  "pk": 63,
  "fields": {
    "user": null,
    "user_message": "Need to register client",
    "bot_response": "",
    "created_at": "2026-05-25T11:34:47.320Z"
  }
},
{
  "model": "magahospital.chatmessage",
  "pk": 64,
  "fields": {
    "user": null,
    "user_message": "to see clt",
    "bot_response": "",
    "created_at": "2026-05-25T11:56:27.748Z"
  }
},
{
  "model": "magahospital.chatmessage",
  "pk": 65,
  "fields": {
    "user": null,
    "user_message": "hi",
    "bot_response": "",
    "created_at": "2026-05-26T05:45:31.712Z"
  }
},
{
  "model": "magahospital.chatmessage",
  "pk": 66,
  "fields": {
    "user": null,
    "user_message": "hey",
    "bot_response": "",
    "created_at": "2026-05-26T07:01:52.656Z"
  }
},
{
  "model": "magahospital.chatmessage",
  "pk": 67,
  "fields": {
    "user": null,
    "user_message": "Who are you",
    "bot_response": "",
    "created_at": "2026-05-26T07:02:05.546Z"
  }
},
{
  "model": "magahospital.chatmessage",
  "pk": 68,
  "fields": {
    "user": null,
    "user_message": "Tell me anything",
    "bot_response": "",
    "created_at": "2026-05-26T07:04:55.765Z"
  }
},
{
  "model": "magahospital.chatmessage",
  "pk": 69,
  "fields": {
    "user": null,
    "user_message": "who is maga by the way",
    "bot_response": "",
    "created_at": "2026-05-26T07:05:12.955Z"
  }
},
{
  "model": "magahospital.chatmessage",
  "pk": 70,
  "fields": {
    "user": null,
    "user_message": "okay",
    "bot_response": "",
    "created_at": "2026-05-26T07:05:20.676Z"
  }
},
{
  "model": "magahospital.chatmessage",
  "pk": 71,
  "fields": {
    "user": null,
    "user_message": "who made you",
    "bot_response": "",
    "created_at": "2026-05-26T07:05:40.727Z"
  }
},
{
  "model": "magahospital.chatmessage",
  "pk": 72,
  "fields": {
    "user": null,
    "user_message": "tell me health tips",
    "bot_response": "",
    "created_at": "2026-05-26T07:06:02.618Z"
  }
},
{
  "model": "magahospital.chatmessage",
  "pk": 73,
  "fields": {
    "user": null,
    "user_message": "okay bye",
    "bot_response": "",
    "created_at": "2026-05-26T07:06:14.178Z"
  }
},
{
  "model": "magahospital.chatmessage",
  "pk": 74,
  "fields": {
    "user": null,
    "user_message": "who are you",
    "bot_response": "",
    "created_at": "2026-05-26T07:36:38.335Z"
  }
},
{
  "model": "magahospital.chatmessage",
  "pk": 75,
  "fields": {
    "user": null,
    "user_message": "who made you",
    "bot_response": "",
    "created_at": "2026-05-26T07:36:48.995Z"
  }
},
{
  "model": "magahospital.chatmessage",
  "pk": 76,
  "fields": {
    "user": null,
    "user_message": "I am feeling tired today",
    "bot_response": "",
    "created_at": "2026-05-26T08:04:42.884Z"
  }
},
{
  "model": "magahospital.chatmessage",
  "pk": 77,
  "fields": {
    "user": null,
    "user_message": "what is HIV",
    "bot_response": "",
    "created_at": "2026-05-26T08:05:00.655Z"
  }
},
{
  "model": "magahospital.chatmessage",
  "pk": 78,
  "fields": {
    "user": null,
    "user_message": "Can you tell me about hypertension",
    "bot_response": "",
    "created_at": "2026-05-26T08:05:29.079Z"
  }
},
{
  "model": "magahospital.chatmessage",
  "pk": 79,
  "fields": {
    "user": null,
    "user_message": "Can you tell me about dipression",
    "bot_response": "",
    "created_at": "2026-05-26T08:06:06.967Z"
  }
},
{
  "model": "magahospital.chatmessage",
  "pk": 80,
  "fields": {
    "user": null,
    "user_message": "hey",
    "bot_response": "",
    "created_at": "2026-05-26T08:06:20.347Z"
  }
},
{
  "model": "magahospital.chatmessage",
  "pk": 81,
  "fields": {
    "user": null,
    "user_message": "tell me about tips to reduce high pressure",
    "bot_response": "",
    "created_at": "2026-05-26T08:06:50.265Z"
  }
},
{
  "model": "magahospital.chatmessage",
  "pk": 82,
  "fields": {
    "user": null,
    "user_message": "mmmh who are you",
    "bot_response": "",
    "created_at": "2026-05-26T08:07:05.511Z"
  }
},
{
  "model": "magahospital.chatmessage",
  "pk": 83,
  "fields": {
    "user": null,
    "user_message": "child nutrition",
    "bot_response": "",
    "created_at": "2026-05-26T08:07:19.018Z"
  }
},
{
  "model": "magahospital.chatmessage",
  "pk": 84,
  "fields": {
    "user": null,
    "user_message": "see you",
    "bot_response": "",
    "created_at": "2026-05-26T08:07:28.164Z"
  }
},
{
  "model": "magahospital.chatmessage",
  "pk": 85,
  "fields": {
    "user": null,
    "user_message": "bye",
    "bot_response": "",
    "created_at": "2026-05-26T08:07:35.714Z"
  }
},
{
  "model": "magahospital.chatmessage",
  "pk": 86,
  "fields": {
    "user": null,
    "user_message": "what is the symptom of hypertension",
    "bot_response": "",
    "created_at": "2026-05-26T11:13:57.269Z"
  }
},
{
  "model": "magahospital.chatmessage",
  "pk": 87,
  "fields": {
    "user": null,
    "user_message": "child health",
    "bot_response": "",
    "created_at": "2026-05-26T11:14:18.139Z"
  }
},
{
  "model": "magahospital.chatmessage",
  "pk": 88,
  "fields": {
    "user": null,
    "user_message": "clear",
    "bot_response": "",
    "created_at": "2026-05-26T11:14:25.091Z"
  }
},
{
  "model": "magahospital.chatmessage",
  "pk": 89,
  "fields": {
    "user": null,
    "user_message": "hello",
    "bot_response": "",
    "created_at": "2026-05-31T09:50:16.468Z"
  }
},
{
  "model": "magahospital.chatmessage",
  "pk": 90,
  "fields": {
    "user": null,
    "user_message": "who are you",
    "bot_response": "",
    "created_at": "2026-05-31T09:50:23.115Z"
  }
},
{
  "model": "magahospital.chatmessage",
  "pk": 91,
  "fields": {
    "user": null,
    "user_message": "malaria",
    "bot_response": "",
    "created_at": "2026-05-31T09:50:32.470Z"
  }
},
{
  "model": "magahospital.chatmessage",
  "pk": 92,
  "fields": {
    "user": null,
    "user_message": "kwa heri",
    "bot_response": "",
    "created_at": "2026-05-31T09:50:48.375Z"
  }
},
{
  "model": "magahospital.chatmessage",
  "pk": 93,
  "fields": {
    "user": null,
    "user_message": "My child is not eating",
    "bot_response": "",
    "created_at": "2026-06-06T14:53:22.986Z"
  }
},
{
  "model": "magahospital.chatmessage",
  "pk": 94,
  "fields": {
    "user": null,
    "user_message": "anxiety",
    "bot_response": "",
    "created_at": "2026-06-06T14:53:31.254Z"
  }
},
{
  "model": "magahospital.chatmessage",
  "pk": 95,
  "fields": {
    "user": null,
    "user_message": "What is your name",
    "bot_response": "",
    "created_at": "2026-06-06T14:56:16.442Z"
  }
},
{
  "model": "magahospital.chatmessage",
  "pk": 96,
  "fields": {
    "user": null,
    "user_message": "Difficulty breathing",
    "bot_response": "",
    "created_at": "2026-06-06T14:56:53.881Z"
  }
},
{
  "model": "magahospital.chatmessage",
  "pk": 97,
  "fields": {
    "user": null,
    "user_message": "difficulty breathing",
    "bot_response": "",
    "created_at": "2026-06-06T14:57:18.490Z"
  }
},
{
  "model": "magahospital.chatmessage",
  "pk": 98,
  "fields": {
    "user": null,
    "user_message": "dizziness",
    "bot_response": "",
    "created_at": "2026-06-06T14:57:37.557Z"
  }
},
{
  "model": "magahospital.chatmessage",
  "pk": 99,
  "fields": {
    "user": null,
    "user_message": "what should i do after a cut",
    "bot_response": "",
    "created_at": "2026-06-06T14:58:08.974Z"
  }
},
{
  "model": "magahospital.chatmessage",
  "pk": 100,
  "fields": {
    "user": null,
    "user_message": "my baby has fever",
    "bot_response": "",
    "created_at": "2026-06-06T14:58:33.674Z"
  }
},
{
  "model": "magahospital.chatmessage",
  "pk": 101,
  "fields": {
    "user": null,
    "user_message": "pregnancy symptoms",
    "bot_response": "",
    "created_at": "2026-06-06T14:58:57.625Z"
  }
},
{
  "model": "magahospital.chatmessage",
  "pk": 102,
  "fields": {
    "user": null,
    "user_message": "why am i coughing",
    "bot_response": "",
    "created_at": "2026-06-06T14:59:21.806Z"
  }
},
{
  "model": "magahospital.chatmessage",
  "pk": 103,
  "fields": {
    "user": null,
    "user_message": "why am i coughing",
    "bot_response": "",
    "created_at": "2026-06-06T15:10:17.790Z"
  }
},
{
  "model": "magahospital.chatmessage",
  "pk": 104,
  "fields": {
    "user": null,
    "user_message": "why do i feel tired all the time",
    "bot_response": "",
    "created_at": "2026-06-06T15:10:40.589Z"
  }
},
{
  "model": "magahospital.chatmessage",
  "pk": 105,
  "fields": {
    "user": null,
    "user_message": "my child is not eating",
    "bot_response": "",
    "created_at": "2026-06-06T15:11:05.569Z"
  }
},
{
  "model": "magahospital.chatmessage",
  "pk": 106,
  "fields": {
    "user": null,
    "user_message": "who made you",
    "bot_response": "",
    "created_at": "2026-06-06T15:11:15.153Z"
  }
},
{
  "model": "magahospital.chatmessage",
  "pk": 107,
  "fields": {
    "user": null,
    "user_message": "who are you",
    "bot_response": "",
    "created_at": "2026-06-06T15:11:31.195Z"
  }
},
{
  "model": "magahospital.chatmessage",
  "pk": 108,
  "fields": {
    "user": null,
    "user_message": "how do i improve immunity",
    "bot_response": "",
    "created_at": "2026-06-06T15:11:57.237Z"
  }
},
{
  "model": "magahospital.chatmessage",
  "pk": 109,
  "fields": {
    "user": null,
    "user_message": "diarrhea",
    "bot_response": "",
    "created_at": "2026-06-06T15:12:32.535Z"
  }
},
{
  "model": "magahospital.chatmessage",
  "pk": 110,
  "fields": {
    "user": null,
    "user_message": "i need motivation",
    "bot_response": "",
    "created_at": "2026-06-06T15:13:10.801Z"
  }
},
{
  "model": "magahospital.chatmessage",
  "pk": 111,
  "fields": {
    "user": null,
    "user_message": "can you diagnose me",
    "bot_response": "",
    "created_at": "2026-06-06T15:13:37.666Z"
  }
},
{
  "model": "magahospital.chatmessage",
  "pk": 112,
  "fields": {
    "user": null,
    "user_message": "are you smart",
    "bot_response": "",
    "created_at": "2026-06-06T15:14:01.618Z"
  }
},
{
  "model": "magahospital.chatmessage",
  "pk": 113,
  "fields": {
    "user": null,
    "user_message": "tell me a joke",
    "bot_response": "",
    "created_at": "2026-06-06T15:14:32.489Z"
  }
},
{
  "model": "magahospital.chatmessage",
  "pk": 114,
  "fields": {
    "user": null,
    "user_message": "i feel stressed",
    "bot_response": "",
    "created_at": "2026-06-06T15:15:05.599Z"
  }
},
{
  "model": "magahospital.chatmessage",
  "pk": 115,
  "fields": {
    "user": null,
    "user_message": "are you human",
    "bot_response": "",
    "created_at": "2026-06-06T15:15:32.269Z"
  }
},
{
  "model": "magahospital.chatmessage",
  "pk": 116,
  "fields": {
    "user": null,
    "user_message": "good evening",
    "bot_response": "",
    "created_at": "2026-06-06T15:15:56.044Z"
  }
},
{
  "model": "magahospital.chatmessage",
  "pk": 117,
  "fields": {
    "user": null,
    "user_message": "What time now",
    "bot_response": "",
    "created_at": "2026-06-06T15:16:08.805Z"
  }
},
{
  "model": "magahospital.chatmessage",
  "pk": 118,
  "fields": {
    "user": null,
    "user_message": "hey",
    "bot_response": "",
    "created_at": "2026-06-06T15:21:38.828Z"
  }
},
{
  "model": "magahospital.chatmessage",
  "pk": 119,
  "fields": {
    "user": null,
    "user_message": "okay",
    "bot_response": "",
    "created_at": "2026-06-06T15:21:52.047Z"
  }
},
{
  "model": "magahospital.chatmessage",
  "pk": 120,
  "fields": {
    "user": null,
    "user_message": "okay bye",
    "bot_response": "",
    "created_at": "2026-06-06T15:25:32.526Z"
  }
},
{
  "model": "magahospital.chatmessage",
  "pk": 121,
  "fields": {
    "user": null,
    "user_message": "bye",
    "bot_response": "",
    "created_at": "2026-06-06T15:25:39.904Z"
  }
},
{
  "model": "magahospital.chatmessage",
  "pk": 122,
  "fields": {
    "user": null,
    "user_message": "okay bye",
    "bot_response": "",
    "created_at": "2026-06-06T15:32:43.299Z"
  }
},
{
  "model": "magahospital.chatmessage",
  "pk": 123,
  "fields": {
    "user": null,
    "user_message": "okay bye",
    "bot_response": "",
    "created_at": "2026-06-06T15:33:05.142Z"
  }
},
{
  "model": "magahospital.chatmessage",
  "pk": 124,
  "fields": {
    "user": null,
    "user_message": "how are the jobs",
    "bot_response": "",
    "created_at": "2026-06-06T15:35:08.294Z"
  }
},
{
  "model": "magahospital.chatmessage",
  "pk": 125,
  "fields": {
    "user": null,
    "user_message": "how are the jobs",
    "bot_response": "",
    "created_at": "2026-06-06T15:40:45.847Z"
  }
},
{
  "model": "magahospital.chatmessage",
  "pk": 126,
  "fields": {
    "user": null,
    "user_message": "who are you",
    "bot_response": "",
    "created_at": "2026-06-09T09:10:37.781Z"
  }
},
{
  "model": "magahospital.chatmessage",
  "pk": 127,
  "fields": {
    "user": null,
    "user_message": "who made you",
    "bot_response": "",
    "created_at": "2026-06-09T09:10:51.036Z"
  }
},
{
  "model": "magahospital.chatmessage",
  "pk": 128,
  "fields": {
    "user": null,
    "user_message": "hi",
    "bot_response": "",
    "created_at": "2026-06-09T09:10:55.926Z"
  }
},
{
  "model": "magahospital.chatmessage",
  "pk": 129,
  "fields": {
    "user": null,
    "user_message": "hey",
    "bot_response": "",
    "created_at": "2026-06-09T09:11:06.723Z"
  }
},
{
  "model": "magahospital.chatmessage",
  "pk": 130,
  "fields": {
    "user": null,
    "user_message": "services",
    "bot_response": "",
    "created_at": "2026-06-09T09:11:17.865Z"
  }
},
{
  "model": "magahospital.chatmessage",
  "pk": 131,
  "fields": {
    "user": null,
    "user_message": "bye",
    "bot_response": "",
    "created_at": "2026-06-09T09:30:01.406Z"
  }
},
{
  "model": "magahospital.chatmessage",
  "pk": 132,
  "fields": {
    "user": null,
    "user_message": "hello",
    "bot_response": "",
    "created_at": "2026-06-09T09:30:06.315Z"
  }
},
{
  "model": "magahospital.chatmessage",
  "pk": 133,
  "fields": {
    "user": null,
    "user_message": "bye",
    "bot_response": "",
    "created_at": "2026-06-09T09:30:12.481Z"
  }
},
{
  "model": "magahospital.chatmessage",
  "pk": 134,
  "fields": {
    "user": null,
    "user_message": "Who are you",
    "bot_response": "",
    "created_at": "2026-06-09T09:30:22.882Z"
  }
},
{
  "model": "magahospital.chatmessage",
  "pk": 135,
  "fields": {
    "user": null,
    "user_message": "Hello",
    "bot_response": "",
    "created_at": "2026-06-09T09:56:42.920Z"
  }
},
{
  "model": "magahospital.chatmessage",
  "pk": 136,
  "fields": {
    "user": null,
    "user_message": "Who are you",
    "bot_response": "",
    "created_at": "2026-06-09T09:56:49.297Z"
  }
},
{
  "model": "magahospital.chatmessage",
  "pk": 137,
  "fields": {
    "user": null,
    "user_message": "hi",
    "bot_response": "",
    "created_at": "2026-06-09T10:02:50.592Z"
  }
},
{
  "model": "magahospital.chatmessage",
  "pk": 138,
  "fields": {
    "user": null,
    "user_message": "who are you",
    "bot_response": "",
    "created_at": "2026-06-09T10:02:55.943Z"
  }
},
{
  "model": "magahospital.chatmessage",
  "pk": 139,
  "fields": {
    "user": null,
    "user_message": "who made you",
    "bot_response": "",
    "created_at": "2026-06-09T10:03:05.776Z"
  }
},
{
  "model": "magahospital.chatmessage",
  "pk": 140,
  "fields": {
    "user": null,
    "user_message": "cool",
    "bot_response": "",
    "created_at": "2026-06-09T10:03:13.775Z"
  }
},
{
  "model": "magahospital.chatmessage",
  "pk": 141,
  "fields": {
    "user": null,
    "user_message": "okay bye",
    "bot_response": "",
    "created_at": "2026-06-09T10:03:19.215Z"
  }
},
{
  "model": "magahospital.chatmessage",
  "pk": 142,
  "fields": {
    "user": null,
    "user_message": "okay bye",
    "bot_response": "",
    "created_at": "2026-06-09T10:03:23.831Z"
  }
},
{
  "model": "magahospital.chatmessage",
  "pk": 143,
  "fields": {
    "user": null,
    "user_message": "bye",
    "bot_response": "",
    "created_at": "2026-06-09T10:03:27.464Z"
  }
},
{
  "model": "magahospital.chatmessage",
  "pk": 144,
  "fields": {
    "user": null,
    "user_message": "goodmorning",
    "bot_response": "",
    "created_at": "2026-06-09T10:03:34.534Z"
  }
},
{
  "model": "magahospital.chatmessage",
  "pk": 145,
  "fields": {
    "user": null,
    "user_message": "good morning",
    "bot_response": "",
    "created_at": "2026-06-09T10:03:43.147Z"
  }
},
{
  "model": "magahospital.chatmessage",
  "pk": 146,
  "fields": {
    "user": null,
    "user_message": "thanks",
    "bot_response": "",
    "created_at": "2026-06-09T10:03:52.481Z"
  }
},
{
  "model": "magahospital.chatmessage",
  "pk": 147,
  "fields": {
    "user": null,
    "user_message": "bye",
    "bot_response": "",
    "created_at": "2026-06-09T10:03:56.746Z"
  }
},
{
  "model": "magahospital.chatmessage",
  "pk": 148,
  "fields": {
    "user": null,
    "user_message": "hi",
    "bot_response": "",
    "created_at": "2026-06-10T15:31:11.198Z"
  }
},
{
  "model": "magahospital.chatmessage",
  "pk": 149,
  "fields": {
    "user": null,
    "user_message": "who are you",
    "bot_response": "",
    "created_at": "2026-06-10T15:31:22.882Z"
  }
},
{
  "model": "magahospital.chatfaq",
  "pk": 1,
  "fields": {
    "question": "hello",
    "answer": "Hello 👋 Welcome to Maga Hospital. How can I assist you today?"
  }
},
{
  "model": "magahospital.chatfaq",
  "pk": 2,
  "fields": {
    "question": "hi",
    "answer": "Hi 😊 Welcome to Maga Hospital."
  }
},
{
  "model": "magahospital.chatfaq",
  "pk": 3,
  "fields": {
    "question": "services",
    "answer": "We provide consultation, laboratory, pharmacy, maternity, emergency, and inpatient services."
  }
},
{
  "model": "magahospital.chatfaq",
  "pk": 4,
  "fields": {
    "question": "laboratory",
    "answer": "Our laboratory operates daily and provides diagnostic testing services."
  }
},
{
  "model": "magahospital.chatfaq",
  "pk": 5,
  "fields": {
    "question": "pharmacy",
    "answer": "Our pharmacy provides prescribed medicines and medical supplies."
  }
},
{
  "model": "magahospital.chatfaq",
  "pk": 6,
  "fields": {
    "question": "appointment",
    "answer": "Appointments can be booked through the hospital reception desk."
  }
},
{
  "model": "magahospital.chatfaq",
  "pk": 7,
  "fields": {
    "question": "doctor",
    "answer": "Our doctors are available Monday to Saturday."
  }
},
{
  "model": "magahospital.chatfaq",
  "pk": 8,
  "fields": {
    "question": "location",
    "answer": "Maga Hospital is located in Tanzania."
  }
},
{
  "model": "magahospital.chatfaq",
  "pk": 9,
  "fields": {
    "question": "hours",
    "answer": "Hospital services are available 24 hours every day."
  }
},
{
  "model": "magahospital.chatfaq",
  "pk": 10,
  "fields": {
    "question": "emergency",
    "answer": "Emergency services are available 24/7."
  }
},
{
  "model": "magahospital.chatfaq",
  "pk": 11,
  "fields": {
    "question": "payment",
    "answer": "We accept cash and mobile payment methods."
  }
},
{
  "model": "magahospital.chatfaq",
  "pk": 12,
  "fields": {
    "question": "bye",
    "answer": "Goodbye 👋 Thank you for visiting Maga Hospital."
  }
},
{
  "model": "magahospital.chatfaq",
  "pk": 13,
  "fields": {
    "question": "who are you",
    "answer": "I am the hospital virtual assistant. I help answer questions about hospital services and system navigation."
  }
},
{
  "model": "magahospital.chatfaq",
  "pk": 14,
  "fields": {
    "question": "thank you",
    "answer": "You are welcome! Feel free to ask if you need assistance."
  }
},
{
  "model": "magahospital.chatfaq",
  "pk": 15,
  "fields": {
    "question": "how do i book an appointment",
    "answer": "Appointments can be booked through the appointment section or with help from reception."
  }
},
{
  "model": "magahospital.chatfaq",
  "pk": 16,
  "fields": {
    "question": "cancel appointment",
    "answer": "Please contact reception or use the appointment management section to cancel or reschedule an appointment."
  }
},
{
  "model": "magahospital.chatfaq",
  "pk": 17,
  "fields": {
    "question": "how do i dispense medicine",
    "answer": "Open the Dispense module, select the patient visit, verify payment status, and dispense medication according to prescription instructions."
  }
},
{
  "model": "magahospital.chatfaq",
  "pk": 18,
  "fields": {
    "question": "check medicine stock",
    "answer": "Open Medicine Inventory to view medicine quantities, low stock alerts, expiry dates, and batch information."
  }
},
{
  "model": "magahospital.chatfaq",
  "pk": 19,
  "fields": {
    "question": "lab results",
    "answer": "Laboratory results depend on the requested tests and processing time. Please contact the laboratory department for updates."
  }
},
{
  "model": "magahospital.chatfaq",
  "pk": 20,
  "fields": {
    "question": "how long do lab tests take",
    "answer": "Laboratory turnaround time depends on the specific test and laboratory workload."
  }
},
{
  "model": "magahospital.chatfaq",
  "pk": 21,
  "fields": {
    "question": "register patient",
    "answer": "Open the Patient Registration module from the dashboard and complete the patient information form."
  }
},
{
  "model": "magahospital.chatfaq",
  "pk": 22,
  "fields": {
    "question": "create prescription",
    "answer": "Doctors can create prescriptions from the consultation page by selecting medicines and saving prescription details."
  }
},
{
  "model": "magahospital.chatfaq",
  "pk": 23,
  "fields": {
    "question": "audit logs",
    "answer": "Audit logs help track system activity, user actions, timestamps, and operational history."
  }
},
{
  "model": "magahospital.chatfaq",
  "pk": 24,
  "fields": {
    "question": "chest pain",
    "answer": "Chest pain may indicate a serious condition. Please seek urgent medical evaluation immediately."
  }
},
{
  "model": "magahospital.chatfaq",
  "pk": 25,
  "fields": {
    "question": "i feel very sick",
    "answer": "Please visit the hospital or seek emergency medical attention as soon as possible."
  }
},
{
  "model": "magahospital.chatfaq",
  "pk": 26,
  "fields": {
    "question": "contact reception",
    "answer": "You can contact the reception department for appointments, patient registration, and general inquiries."
  }
},
{
  "model": "magahospital.chatfaq",
  "pk": 27,
  "fields": {
    "question": "how do i register a patient",
    "answer": "Use the Patient Registration section from the dashboard and complete the required patient information."
  }
},
{
  "model": "magahospital.chatfaq",
  "pk": 28,
  "fields": {
    "question": "patient registration",
    "answer": "Patient registration allows creation of new patient records for consultation, appointments, and clinical workflow."
  }
},
{
  "model": "magahospital.chatfaq",
  "pk": 29,
  "fields": {
    "question": "doctor consultation",
    "answer": "Doctors review patient history, diagnosis, prescriptions, laboratory requests, and next clinical steps."
  }
},
{
  "model": "magahospital.chatfaq",
  "pk": 30,
  "fields": {
    "question": "how do i create diagnosis",
    "answer": "Doctors can enter diagnosis details from the consultation form during patient review."
  }
},
{
  "model": "magahospital.chatfaq",
  "pk": 31,
  "fields": {
    "question": "prescription",
    "answer": "Prescriptions allow doctors to assign medications for dispensing according to patient diagnosis."
  }
},
{
  "model": "magahospital.chatfaq",
  "pk": 32,
  "fields": {
    "question": "laboratory services",
    "answer": "The laboratory department performs medical tests requested during patient consultation."
  }
},
{
  "model": "magahospital.chatfaq",
  "pk": 33,
  "fields": {
    "question": "what are symptoms of malaria",
    "answer": "Common malaria symptoms may include fever, chills, headache, sweating, body weakness, nausea, and body aches.\r\n\r\nDisclaimer: This information is for general health education only and does not replace professional medical advice. Seek medical attention for testing and diagnosis."
  }
},
{
  "model": "magahospital.chatfaq",
  "pk": 34,
  "fields": {
    "question": "what is diabetes",
    "answer": "Diabetes is a medical condition affecting how the body controls blood sugar levels.\r\n\r\nDisclaimer: This information is for general health education only and does not replace professional medical advice. Consult a healthcare professional for personalized guidance."
  }
},
{
  "model": "magahospital.chatfaq",
  "pk": 35,
  "fields": {
    "question": "symptoms of diabetes",
    "answer": "Symptoms may include excessive thirst, frequent urination, fatigue, blurred vision, and unexplained weight changes.\r\n\r\nDisclaimer: This information is for general education only and should not be used for self-diagnosis."
  }
},
{
  "model": "magahospital.chatfaq",
  "pk": 36,
  "fields": {
    "question": "what is hypertension",
    "answer": "Hypertension, also called high blood pressure, occurs when blood pressure remains higher than normal over time.\r\n\r\nDisclaimer: This information is educational only and does not replace medical evaluation."
  }
},
{
  "model": "magahospital.chatfaq",
  "pk": 37,
  "fields": {
    "question": "symptoms of high blood pressure",
    "answer": "High blood pressure may sometimes have no obvious symptoms. Some people may experience headaches, dizziness, or blurred vision.\r\n\r\nDisclaimer: Educational information only. Proper medical assessment is important."
  }
},
{
  "model": "magahospital.chatfaq",
  "pk": 38,
  "fields": {
    "question": "how to stay healthy",
    "answer": "Healthy habits may include balanced nutrition, regular physical activity, adequate sleep, hydration, stress management, and routine medical checkups.\r\n\r\nDisclaimer: General wellness information only and not individualized medical advice."
  }
},
{
  "model": "magahospital.chatfaq",
  "pk": 39,
  "fields": {
    "question": "healthy diet",
    "answer": "A healthy diet often includes fruits, vegetables, whole grains, adequate water intake, and balanced nutrients.\r\n\r\nDisclaimer: Nutritional needs vary by individual. Consult healthcare professionals for personalized advice."
  }
},
{
  "model": "magahospital.chatfaq",
  "pk": 40,
  "fields": {
    "question": "chest pain",
    "answer": "Chest pain may be associated with several medical conditions, some of which can be serious.\r\n\r\nDisclaimer: This information is educational only. Chest pain can be a medical emergency — seek immediate medical attention."
  }
},
{
  "model": "magahospital.chatfaq",
  "pk": 41,
  "fields": {
    "question": "what causes headache",
    "answer": "Headaches may result from stress, dehydration, infections, lack of sleep, eye strain, or other medical conditions.\r\n\r\nDisclaimer: General health education only and not a substitute for professional diagnosis."
  }
},
{
  "model": "magahospital.chatfaq",
  "pk": 42,
  "fields": {
    "question": "pregnancy care",
    "answer": "Pregnancy care may include regular antenatal visits, balanced nutrition, medical monitoring, and healthy lifestyle practices.\r\n\r\nDisclaimer: Educational information only. Pregnant individuals should seek care from qualified healthcare providers."
  }
},
{
  "model": "magahospital.chatfaq",
  "pk": 43,
  "fields": {
    "question": "how is hiv transmitted",
    "answer": "HIV transmission may occur through specific body fluids, including unprotected sexual contact, contaminated needles, and mother-to-child transmission.\r\n\r\nDisclaimer: This information is for health education only. Consult healthcare professionals for testing, prevention, and counseling."
  }
},
{
  "model": "magahospital.chatfaq",
  "pk": 44,
  "fields": {
    "question": "how to prevent stds",
    "answer": "STD prevention strategies may include safer sexual practices, regular screening, health education, and medical consultation.\r\n\r\nDisclaimer: Educational information only and not individualized medical advice."
  }
},
{
  "model": "magahospital.chatfaq",
  "pk": 45,
  "fields": {
    "question": "stress management",
    "answer": "Stress management techniques may include rest, exercise, healthy routines, social support, and professional counseling when needed.\r\n\r\nDisclaimer: This information is educational only and does not replace mental health care."
  }
},
{
  "model": "magahospital.chatfaq",
  "pk": 46,
  "fields": {
    "question": "child fever",
    "answer": "Fever in children may occur due to infections or other medical conditions. Monitoring temperature, hydration, and overall condition is important.\r\n\r\nDisclaimer: This information is for general health education only and does not replace professional medical advice. Seek medical care for persistent, severe, or concerning symptoms."
  }
},
{
  "model": "magahospital.chatfaq",
  "pk": 47,
  "fields": {
    "question": "child nutrition",
    "answer": "Good child nutrition often includes balanced meals, adequate hydration, fruits, vegetables, proteins, and age-appropriate feeding practices.\r\n\r\nDisclaimer: Educational information only. Nutritional needs vary between children."
  }
},
{
  "model": "magahospital.chatfaq",
  "pk": 48,
  "fields": {
    "question": "why are vaccines important",
    "answer": "Vaccines help the body build protection against certain infectious diseases and contribute to public health prevention efforts.\r\n\r\nDisclaimer: This information is educational only. Consult healthcare professionals for vaccination schedules and recommendations."
  }
},
{
  "model": "magahospital.chatfaq",
  "pk": 49,
  "fields": {
    "question": "child vaccination",
    "answer": "Child vaccination schedules help protect against several preventable diseases during childhood development.\r\n\r\nDisclaimer: General educational information only. Follow local healthcare guidelines and professional advice."
  }
},
{
  "model": "magahospital.chatfaq",
  "pk": 50,
  "fields": {
    "question": "how much water should i drink",
    "answer": "Hydration needs can vary depending on age, activity level, climate, and health conditions.\r\n\r\nDisclaimer: Educational information only and not individualized medical advice."
  }
},
{
  "model": "magahospital.chatfaq",
  "pk": 51,
  "fields": {
    "question": "benefits of exercise",
    "answer": "Regular physical activity may support heart health, fitness, mental wellbeing, weight management, and overall health.\r\n\r\nDisclaimer: General educational information only. Exercise recommendations vary by individual."
  }
},
{
  "model": "magahospital.chatfaq",
  "pk": 52,
  "fields": {
    "question": "healthy sleep",
    "answer": "Healthy sleep habits may include regular sleep schedules, limiting excessive screen exposure before bedtime, and maintaining a comfortable sleep environment.\r\n\r\nDisclaimer: Educational information only and not a substitute for medical care."
  }
},
{
  "model": "magahospital.chatfaq",
  "pk": 53,
  "fields": {
    "question": "minor burn first aid",
    "answer": "For minor burns, cooling the affected area with clean cool water may help. Avoid applying unsafe substances or breaking blisters.\r\n\r\nDisclaimer: This information is educational only and not emergency medical advice. Seek professional medical care when necessary."
  }
},
{
  "model": "magahospital.chatfaq",
  "pk": 54,
  "fields": {
    "question": "nose bleeding",
    "answer": "For nosebleeds, sitting upright and gently applying pressure to the nose may help reduce bleeding.\r\n\r\nDisclaimer: Educational information only. Persistent or severe bleeding requires medical attention."
  }
},
{
  "model": "magahospital.chatfaq",
  "pk": 55,
  "fields": {
    "question": "how to prevent infection",
    "answer": "Infection prevention measures may include hand hygiene, vaccination, safe food handling, clean environments, and following healthcare guidance.\r\n\r\nDisclaimer: General health education only and not individualized medical advice."
  }
},
{
  "model": "magahospital.chatfaq",
  "pk": 56,
  "fields": {
    "question": "flu symptoms",
    "answer": "Flu symptoms may include fever, cough, sore throat, fatigue, body aches, and runny nose.\r\n\r\nDisclaimer: Educational information only. Proper diagnosis requires professional evaluation."
  }
},
{
  "model": "magahospital.chatfaq",
  "pk": 57,
  "fields": {
    "question": "stomach pain",
    "answer": "Stomach pain may have many causes including indigestion, infections, food issues, or medical conditions.\r\n\r\nDisclaimer: This information is educational only and not a diagnosis. Severe or persistent symptoms require medical evaluation."
  }
},
{
  "model": "magahospital.chatfaq",
  "pk": 58,
  "fields": {
    "question": "diarrhea",
    "answer": "Diarrhea may be associated with infections, food-related issues, medications, or other medical conditions. Hydration is often important.\r\n\r\nDisclaimer: Educational information only. Seek medical care for severe, prolonged, or concerning symptoms."
  }
},
{
  "model": "magahospital.chatfaq",
  "pk": 59,
  "fields": {
    "question": "antenatal care",
    "answer": "Antenatal care helps monitor pregnancy health, fetal development, and maternal wellbeing through regular healthcare visits.\r\n\r\nDisclaimer: Educational information only. Pregnant individuals should consult qualified healthcare professionals."
  }
},
{
  "model": "magahospital.chatfaq",
  "pk": 60,
  "fields": {
    "question": "breastfeeding",
    "answer": "Breastfeeding may provide nutritional and health benefits for infants and mothers.\r\n\r\nDisclaimer: General educational information only. Feeding choices and recommendations vary by individual circumstances."
  }
},
{
  "model": "magahospital.chatfaq",
  "pk": 61,
  "fields": {
    "question": "anxiety",
    "answer": "Anxiety may involve feelings of worry, nervousness, or fear that can affect daily life.\r\n\r\nDisclaimer: Educational information only and not mental health diagnosis or treatment advice. Professional support may be beneficial."
  }
},
{
  "model": "magahospital.chatfaq",
  "pk": 62,
  "fields": {
    "question": "depression symptoms",
    "answer": "Symptoms may include persistent sadness, low motivation, fatigue, sleep changes, or reduced interest in activities.\r\n\r\nDisclaimer: Educational information only. Mental health concerns should be discussed with qualified healthcare professionals."
  }
},
{
  "model": "magahospital.chatfaq",
  "pk": 63,
  "fields": {
    "question": "why do i feel tired all the time",
    "answer": "Feeling tired may be related to stress, sleep issues, nutrition, illness, or other health conditions.\r\n\r\nDisclaimer: This information is for general health education only and does not replace professional medical advice."
  }
},
{
  "model": "magahospital.chatfaq",
  "pk": 64,
  "fields": {
    "question": "why am i coughing",
    "answer": "Coughing may occur due to infections, allergies, irritation, or other medical conditions.\r\n\r\nDisclaimer: Educational information only. Persistent or severe symptoms require professional evaluation."
  }
},
{
  "model": "magahospital.chatfaq",
  "pk": 65,
  "fields": {
    "question": "how can i lower blood pressure",
    "answer": "Healthy lifestyle habits such as balanced nutrition, physical activity, reduced salt intake, and medical follow-up may help manage blood pressure.\r\n\r\nDisclaimer: This information is educational only and does not replace medical advice."
  }
},
{
  "model": "magahospital.chatfaq",
  "pk": 66,
  "fields": {
    "question": "how can i lose weight",
    "answer": "Healthy weight management often involves balanced nutrition, regular physical activity, adequate sleep, and healthy lifestyle habits.\r\n\r\nDisclaimer: Educational information only. Personalized plans should be discussed with healthcare professionals."
  }
},
{
  "model": "magahospital.chatfaq",
  "pk": 67,
  "fields": {
    "question": "how do i improve immunity",
    "answer": "Healthy habits such as adequate sleep, balanced nutrition, physical activity, hygiene practices, and medical care may support overall wellbeing.\r\n\r\nDisclaimer: General health education only."
  }
},
{
  "model": "magahospital.chatfaq",
  "pk": 68,
  "fields": {
    "question": "missed period",
    "answer": "Missed periods may occur for several reasons including pregnancy, stress, hormonal changes, or medical conditions.\r\n\r\nDisclaimer: Educational information only. Consult qualified healthcare professionals for proper assessment."
  }
},
{
  "model": "magahospital.chatfaq",
  "pk": 69,
  "fields": {
    "question": "pregnancy symptoms",
    "answer": "Some pregnancy symptoms may include missed periods, nausea, fatigue, and breast changes.\r\n\r\nDisclaimer: This information is educational only and not a diagnostic tool."
  }
},
{
  "model": "magahospital.chatfaq",
  "pk": 70,
  "fields": {
    "question": "my child is not eating",
    "answer": "Reduced appetite in children may occur due to illness, feeding patterns, emotional factors, or other health conditions.\r\n\r\nDisclaimer: Educational information only. Seek professional advice for persistent concerns."
  }
},
{
  "model": "magahospital.chatfaq",
  "pk": 71,
  "fields": {
    "question": "my baby has fever",
    "answer": "Fever in babies requires careful attention and monitoring.\r\n\r\nDisclaimer: Educational information only. Young infants and severe symptoms should be evaluated promptly by healthcare professionals."
  }
},
{
  "model": "magahospital.chatfaq",
  "pk": 72,
  "fields": {
    "question": "what should i do after a cut",
    "answer": "Minor cuts are often cleaned carefully and monitored for signs of infection.\r\n\r\nDisclaimer: Educational information only and not emergency medical advice."
  }
},
{
  "model": "magahospital.chatfaq",
  "pk": 73,
  "fields": {
    "question": "dizziness",
    "answer": "Dizziness may have many causes including dehydration, illness, blood pressure changes, or other medical conditions.\r\n\r\nDisclaimer: General health education only. Persistent or severe symptoms should be medically evaluated."
  }
},
{
  "model": "magahospital.chatfaq",
  "pk": 74,
  "fields": {
    "question": "difficulty breathing",
    "answer": "Difficulty breathing can be serious and requires urgent medical attention.\r\n\r\nDisclaimer: This information is educational only. Seek immediate professional care for breathing difficulties."
  }
},
{
  "model": "magahospital.chatfaq",
  "pk": 75,
  "fields": {
    "question": "how to reduce stress",
    "answer": "Stress reduction strategies may include rest, exercise, relaxation practices, social support, and professional guidance when needed.\r\n\r\nDisclaimer: Educational information only."
  }
},
{
  "model": "magahospital.chatfaq",
  "pk": 76,
  "fields": {
    "question": "help",
    "answer": "I can help answer hospital, health education, appointments, pharmacy, laboratory, and system-related questions."
  }
},
{
  "model": "magahospital.chatfaq",
  "pk": 77,
  "fields": {
    "question": "what can you do",
    "answer": "I can provide general hospital information, health education, system guidance, and answer frequently asked questions.\r\n\r\nDisclaimer: I do not replace professional medical advice."
  }
},
{
  "model": "magahospital.chatfaq",
  "pk": 78,
  "fields": {
    "question": "good morning",
    "answer": "Good morning! Welcome to the Hospital Assistant. How may I help you today?"
  }
},
{
  "model": "magahospital.chatfaq",
  "pk": 79,
  "fields": {
    "question": "hey",
    "answer": "Hey! I am here to help. What would you like to know?"
  }
},
{
  "model": "magahospital.chatfaq",
  "pk": 80,
  "fields": {
    "question": "good afternoon",
    "answer": "Good afternoon! How may I assist you today?"
  }
},
{
  "model": "magahospital.chatfaq",
  "pk": 81,
  "fields": {
    "question": "good evening",
    "answer": "Good evening! Welcome. How can I help you?"
  }
},
{
  "model": "magahospital.chatfaq",
  "pk": 82,
  "fields": {
    "question": "thank you very much",
    "answer": "You are very welcome! Feel free to ask anytime."
  }
},
{
  "model": "magahospital.chatfaq",
  "pk": 83,
  "fields": {
    "question": "sorry",
    "answer": "No problem at all. How can I assist you?"
  }
},
{
  "model": "magahospital.chatfaq",
  "pk": 84,
  "fields": {
    "question": "what is your name",
    "answer": "I am the Hospital Assistant chatbot, designed to provide information and guidance."
  }
},
{
  "model": "magahospital.chatfaq",
  "pk": 85,
  "fields": {
    "question": "are you human",
    "answer": "I am a virtual assistant chatbot created to help answer questions and provide guidance."
  }
},
{
  "model": "magahospital.chatfaq",
  "pk": 86,
  "fields": {
    "question": "who made you",
    "answer": "I was developed as part of the hospital management system to improve support and information access."
  }
},
{
  "model": "magahospital.chatfaq",
  "pk": 87,
  "fields": {
    "question": "how are you",
    "answer": "I am functioning well and ready to help! How are you today?"
  }
},
{
  "model": "magahospital.chatfaq",
  "pk": 88,
  "fields": {
    "question": "i am sad",
    "answer": "I am sorry you are feeling sad. Talking with trusted people or healthcare professionals can be helpful.\r\n\r\nDisclaimer: This information is supportive guidance only and does not replace mental health care."
  }
},
{
  "model": "magahospital.chatfaq",
  "pk": 89,
  "fields": {
    "question": "i feel stressed",
    "answer": "Stress can affect wellbeing. Rest, support, healthy routines, and professional guidance may help.\r\n\r\nDisclaimer: Educational information only and not mental health treatment advice."
  }
},
{
  "model": "magahospital.chatfaq",
  "pk": 90,
  "fields": {
    "question": "tell me a joke",
    "answer": "Why did the doctor carry a red pen? In case they needed to draw blood! 😄"
  }
},
{
  "model": "magahospital.chatfaq",
  "pk": 91,
  "fields": {
    "question": "are you smart",
    "answer": "I try my best to provide helpful information and guidance, but professional medical advice should come from qualified healthcare professionals."
  }
},
{
  "model": "magahospital.chatfaq",
  "pk": 92,
  "fields": {
    "question": "can you diagnose me",
    "answer": "I can provide general health education, but I do not diagnose medical conditions.\r\n\r\nDisclaimer: Please consult qualified healthcare professionals for medical evaluation and diagnosis."
  }
},
{
  "model": "magahospital.chatfaq",
  "pk": 93,
  "fields": {
    "question": "i need motivation",
    "answer": "Small steps matter. Taking care of your health, rest, and wellbeing is important. You are stronger than you think."
  }
},
{
  "model": "magahospital.chatfaq",
  "pk": 94,
  "fields": {
    "question": "give me a health tip",
    "answer": "Health Tip: Drink adequate water, sleep well, stay active, and attend regular medical checkups."
  }
},
{
  "model": "magahospital.chatfaq",
  "pk": 95,
  "fields": {
    "question": "i cannot sleep",
    "answer": "Sleep difficulties may be influenced by stress, routines, environment, or health conditions.\r\n\r\nDisclaimer: Educational information only. Persistent sleep problems should be discussed with healthcare professionals."
  }
},
{
  "model": "magahospital.chatfaq",
  "pk": 96,
  "fields": {
    "question": "see you later",
    "answer": "See you later! Take care and stay healthy."
  }
},
{
  "model": "magahospital.chatfaq",
  "pk": 97,
  "fields": {
    "question": "goodnight",
    "answer": "Goodnight! Rest well and take care."
  }
},
{
  "model": "magahospital.auditlog",
  "pk": 1,
  "fields": {
    "user": 4,
    "action": "Created patient Safari Mkama",
    "timestamp": "2026-05-14T14:49:55.775Z"
  }
},
{
  "model": "magahospital.auditlog",
  "pk": 2,
  "fields": {
    "user": 4,
    "action": "Created visit for patient Safari Mkama",
    "timestamp": "2026-05-14T14:50:01.222Z"
  }
},
{
  "model": "magahospital.auditlog",
  "pk": 3,
  "fields": {
    "user": 4,
    "action": "Created patient Shija Joseph",
    "timestamp": "2026-05-14T16:59:11.735Z"
  }
},
{
  "model": "magahospital.auditlog",
  "pk": 4,
  "fields": {
    "user": 4,
    "action": "Created visit for patient Safari Mkama",
    "timestamp": "2026-05-14T17:15:53.507Z"
  }
},
{
  "model": "magahospital.auditlog",
  "pk": 5,
  "fields": {
    "user": 4,
    "action": "Created visit for patient Safari Mkama",
    "timestamp": "2026-05-14T17:23:13.617Z"
  }
},
{
  "model": "magahospital.auditlog",
  "pk": 6,
  "fields": {
    "user": 4,
    "action": "Created visit for patient Shija Joseph",
    "timestamp": "2026-05-14T17:32:02.153Z"
  }
},
{
  "model": "magahospital.auditlog",
  "pk": 7,
  "fields": {
    "user": 7,
    "action": "Added doctor consultation for Visit #11",
    "timestamp": "2026-05-14T17:34:06.466Z"
  }
},
{
  "model": "magahospital.auditlog",
  "pk": 8,
  "fields": {
    "user": 3,
    "action": "Added lab results for Visit #11",
    "timestamp": "2026-05-14T17:35:31.624Z"
  }
},
{
  "model": "magahospital.auditlog",
  "pk": 9,
  "fields": {
    "user": 7,
    "action": "Added prescription for Visit #11",
    "timestamp": "2026-05-14T17:36:06.664Z"
  }
},
{
  "model": "magahospital.auditlog",
  "pk": 10,
  "fields": {
    "user": 5,
    "action": "Dispensed medication for Visit #11",
    "timestamp": "2026-05-14T17:37:04.858Z"
  }
},
{
  "model": "magahospital.auditlog",
  "pk": 11,
  "fields": {
    "user": 4,
    "action": "Created visit for patient Safari Mkama",
    "timestamp": "2026-05-14T17:43:21.886Z"
  }
},
{
  "model": "magahospital.auditlog",
  "pk": 12,
  "fields": {
    "user": 4,
    "action": "Created visit for patient Safari Mkama",
    "timestamp": "2026-05-14T17:47:47.383Z"
  }
},
{
  "model": "magahospital.auditlog",
  "pk": 13,
  "fields": {
    "user": 4,
    "action": "Created patient Kila Mtu",
    "timestamp": "2026-05-14T18:00:26.696Z"
  }
},
{
  "model": "magahospital.auditlog",
  "pk": 14,
  "fields": {
    "user": 4,
    "action": "Created visit for patient Kila Mtu",
    "timestamp": "2026-05-14T18:00:46.910Z"
  }
},
{
  "model": "magahospital.auditlog",
  "pk": 15,
  "fields": {
    "user": 7,
    "action": "Added doctor consultation for Visit #14",
    "timestamp": "2026-05-14T18:01:33.720Z"
  }
},
{
  "model": "magahospital.auditlog",
  "pk": 16,
  "fields": {
    "user": 3,
    "action": "Added lab results for Visit #14",
    "timestamp": "2026-05-14T18:02:07.609Z"
  }
},
{
  "model": "magahospital.auditlog",
  "pk": 17,
  "fields": {
    "user": 7,
    "action": "Added prescription for Visit #14",
    "timestamp": "2026-05-14T18:02:55.183Z"
  }
},
{
  "model": "magahospital.auditlog",
  "pk": 18,
  "fields": {
    "user": 5,
    "action": "Dispensed medication for Visit #14",
    "timestamp": "2026-05-14T18:04:51.919Z"
  }
},
{
  "model": "magahospital.auditlog",
  "pk": 19,
  "fields": {
    "user": 4,
    "action": "Created patient Hamisi Kwangu",
    "timestamp": "2026-05-14T18:40:50.907Z"
  }
},
{
  "model": "magahospital.auditlog",
  "pk": 20,
  "fields": {
    "user": 4,
    "action": "Created visit for patient Hamisi Kwangu",
    "timestamp": "2026-05-14T18:41:04.984Z"
  }
},
{
  "model": "magahospital.auditlog",
  "pk": 21,
  "fields": {
    "user": 4,
    "action": "Created patient Juma Shija",
    "timestamp": "2026-05-14T18:51:42.819Z"
  }
},
{
  "model": "magahospital.auditlog",
  "pk": 22,
  "fields": {
    "user": 4,
    "action": "Created patient Hamisi Kwangu",
    "timestamp": "2026-05-14T18:52:11.090Z"
  }
},
{
  "model": "magahospital.auditlog",
  "pk": 23,
  "fields": {
    "user": 4,
    "action": "Created patient Kashinje Nkale",
    "timestamp": "2026-05-14T18:52:47.837Z"
  }
},
{
  "model": "magahospital.auditlog",
  "pk": 24,
  "fields": {
    "user": 4,
    "action": "Created visit for patient Juma Shija",
    "timestamp": "2026-05-14T18:52:57.057Z"
  }
},
{
  "model": "magahospital.auditlog",
  "pk": 25,
  "fields": {
    "user": 4,
    "action": "Created visit for patient Hamisi Kwangu",
    "timestamp": "2026-05-14T18:53:06.537Z"
  }
},
{
  "model": "magahospital.auditlog",
  "pk": 26,
  "fields": {
    "user": 4,
    "action": "Created visit for patient Kashinje Nkale",
    "timestamp": "2026-05-14T18:53:14.152Z"
  }
},
{
  "model": "magahospital.auditlog",
  "pk": 27,
  "fields": {
    "user": 7,
    "action": "Added doctor consultation for Visit #16",
    "timestamp": "2026-05-14T18:54:04.971Z"
  }
},
{
  "model": "magahospital.auditlog",
  "pk": 28,
  "fields": {
    "user": 7,
    "action": "Added doctor consultation for Visit #17",
    "timestamp": "2026-05-14T18:54:23.461Z"
  }
},
{
  "model": "magahospital.auditlog",
  "pk": 29,
  "fields": {
    "user": 7,
    "action": "Added doctor consultation for Visit #18",
    "timestamp": "2026-05-14T18:54:38.078Z"
  }
},
{
  "model": "magahospital.auditlog",
  "pk": 30,
  "fields": {
    "user": 3,
    "action": "Added lab results for Visit #16",
    "timestamp": "2026-05-14T18:55:23.819Z"
  }
},
{
  "model": "magahospital.auditlog",
  "pk": 31,
  "fields": {
    "user": 3,
    "action": "Added lab results for Visit #17",
    "timestamp": "2026-05-14T18:55:39.133Z"
  }
},
{
  "model": "magahospital.auditlog",
  "pk": 32,
  "fields": {
    "user": 3,
    "action": "Added lab results for Visit #18",
    "timestamp": "2026-05-14T18:55:53.317Z"
  }
},
{
  "model": "magahospital.auditlog",
  "pk": 33,
  "fields": {
    "user": 7,
    "action": "Added prescription for Visit #16",
    "timestamp": "2026-05-14T18:56:36.665Z"
  }
},
{
  "model": "magahospital.auditlog",
  "pk": 34,
  "fields": {
    "user": 7,
    "action": "Added prescription for Visit #17",
    "timestamp": "2026-05-14T18:57:14.642Z"
  }
},
{
  "model": "magahospital.auditlog",
  "pk": 35,
  "fields": {
    "user": 7,
    "action": "Added prescription for Visit #18",
    "timestamp": "2026-05-14T18:57:34.475Z"
  }
},
{
  "model": "magahospital.auditlog",
  "pk": 36,
  "fields": {
    "user": 5,
    "action": "Dispensed medication for Visit #16",
    "timestamp": "2026-05-14T18:58:16.660Z"
  }
},
{
  "model": "magahospital.auditlog",
  "pk": 37,
  "fields": {
    "user": 5,
    "action": "Dispensed medication for Visit #17",
    "timestamp": "2026-05-14T18:58:41.612Z"
  }
},
{
  "model": "magahospital.auditlog",
  "pk": 38,
  "fields": {
    "user": 5,
    "action": "Dispensed medication for Visit #18",
    "timestamp": "2026-05-14T18:58:59.664Z"
  }
},
{
  "model": "magahospital.auditlog",
  "pk": 39,
  "fields": {
    "user": 4,
    "action": "Created patient Halima Sweya",
    "timestamp": "2026-05-15T07:49:02.704Z"
  }
},
{
  "model": "magahospital.auditlog",
  "pk": 40,
  "fields": {
    "user": 4,
    "action": "Created visit for patient Halima Sweya",
    "timestamp": "2026-05-15T07:49:13.891Z"
  }
},
{
  "model": "magahospital.auditlog",
  "pk": 41,
  "fields": {
    "user": 7,
    "action": "Added doctor consultation for Visit #19",
    "timestamp": "2026-05-15T07:52:55.819Z"
  }
},
{
  "model": "magahospital.auditlog",
  "pk": 42,
  "fields": {
    "user": 3,
    "action": "Added lab results for Visit #19",
    "timestamp": "2026-05-15T07:54:03.737Z"
  }
},
{
  "model": "magahospital.auditlog",
  "pk": 43,
  "fields": {
    "user": 7,
    "action": "Added prescription for Visit #19",
    "timestamp": "2026-05-15T09:38:05.504Z"
  }
},
{
  "model": "magahospital.auditlog",
  "pk": 44,
  "fields": {
    "user": 5,
    "action": "Dispensed medication for Visit #19",
    "timestamp": "2026-05-15T10:51:35.867Z"
  }
},
{
  "model": "magahospital.auditlog",
  "pk": 45,
  "fields": {
    "user": 4,
    "action": "Created patient Yuda Deo",
    "timestamp": "2026-05-16T20:42:50.011Z"
  }
},
{
  "model": "magahospital.auditlog",
  "pk": 46,
  "fields": {
    "user": 4,
    "action": "Created visit for patient Yuda Deo",
    "timestamp": "2026-05-16T20:42:56.510Z"
  }
},
{
  "model": "magahospital.auditlog",
  "pk": 47,
  "fields": {
    "user": 7,
    "action": "Added doctor consultation for Visit #20",
    "timestamp": "2026-05-16T20:44:15.727Z"
  }
},
{
  "model": "magahospital.auditlog",
  "pk": 48,
  "fields": {
    "user": 3,
    "action": "Added lab results for Visit #20",
    "timestamp": "2026-05-16T20:45:04.743Z"
  }
},
{
  "model": "magahospital.auditlog",
  "pk": 49,
  "fields": {
    "user": 7,
    "action": "Added prescription for Visit #20",
    "timestamp": "2026-05-16T20:45:52.028Z"
  }
},
{
  "model": "magahospital.auditlog",
  "pk": 50,
  "fields": {
    "user": 5,
    "action": "Dispensed medication for Visit #20",
    "timestamp": "2026-05-16T21:46:00.829Z"
  }
},
{
  "model": "magahospital.auditlog",
  "pk": 51,
  "fields": {
    "user": 4,
    "action": "Created patient John Fungameza",
    "timestamp": "2026-05-16T22:46:54.589Z"
  }
},
{
  "model": "magahospital.auditlog",
  "pk": 52,
  "fields": {
    "user": 4,
    "action": "Created visit for patient John Fungameza",
    "timestamp": "2026-05-16T22:46:59.007Z"
  }
},
{
  "model": "magahospital.auditlog",
  "pk": 53,
  "fields": {
    "user": 7,
    "action": "Added doctor consultation for Visit #21",
    "timestamp": "2026-05-16T22:47:36.793Z"
  }
},
{
  "model": "magahospital.auditlog",
  "pk": 54,
  "fields": {
    "user": 3,
    "action": "Added lab results for Visit #21",
    "timestamp": "2026-05-16T22:48:02.800Z"
  }
},
{
  "model": "magahospital.auditlog",
  "pk": 55,
  "fields": {
    "user": 7,
    "action": "Added prescription for Visit #21",
    "timestamp": "2026-05-16T22:48:35.006Z"
  }
},
{
  "model": "magahospital.auditlog",
  "pk": 56,
  "fields": {
    "user": 5,
    "action": "Dispensed medication for Visit #21",
    "timestamp": "2026-05-16T22:49:17.074Z"
  }
},
{
  "model": "magahospital.auditlog",
  "pk": 57,
  "fields": {
    "user": 4,
    "action": "Created patient Hassan Hussein",
    "timestamp": "2026-05-17T16:17:02.765Z"
  }
},
{
  "model": "magahospital.auditlog",
  "pk": 58,
  "fields": {
    "user": 4,
    "action": "Created visit for patient Hassan Hussein",
    "timestamp": "2026-05-17T16:17:11.149Z"
  }
},
{
  "model": "magahospital.auditlog",
  "pk": 59,
  "fields": {
    "user": 7,
    "action": "Added doctor consultation for Visit #22",
    "timestamp": "2026-05-17T16:18:27.229Z"
  }
},
{
  "model": "magahospital.auditlog",
  "pk": 60,
  "fields": {
    "user": 3,
    "action": "Added lab results for Visit #22",
    "timestamp": "2026-05-17T16:19:12.159Z"
  }
},
{
  "model": "magahospital.auditlog",
  "pk": 61,
  "fields": {
    "user": 7,
    "action": "Added prescription for Visit #22",
    "timestamp": "2026-05-17T16:20:06.703Z"
  }
},
{
  "model": "magahospital.auditlog",
  "pk": 62,
  "fields": {
    "user": 5,
    "action": "Dispensed medication for Visit #22",
    "timestamp": "2026-05-17T16:21:07.231Z"
  }
},
{
  "model": "magahospital.auditlog",
  "pk": 63,
  "fields": {
    "user": 4,
    "action": "Created patient Lydia Method",
    "timestamp": "2026-05-17T18:30:09.117Z"
  }
},
{
  "model": "magahospital.auditlog",
  "pk": 64,
  "fields": {
    "user": 4,
    "action": "Created visit for patient Lydia Method",
    "timestamp": "2026-05-17T18:30:18.764Z"
  }
},
{
  "model": "magahospital.auditlog",
  "pk": 65,
  "fields": {
    "user": 7,
    "action": "Added doctor consultation for Visit #23",
    "timestamp": "2026-05-17T18:31:21.704Z"
  }
},
{
  "model": "magahospital.auditlog",
  "pk": 66,
  "fields": {
    "user": 3,
    "action": "Added lab results for Visit #23",
    "timestamp": "2026-05-17T18:31:58.638Z"
  }
},
{
  "model": "magahospital.auditlog",
  "pk": 67,
  "fields": {
    "user": 7,
    "action": "Added prescription for Visit #23",
    "timestamp": "2026-05-17T18:32:48.604Z"
  }
},
{
  "model": "magahospital.auditlog",
  "pk": 68,
  "fields": {
    "user": 9,
    "action": "Processed payment for Visit #23",
    "timestamp": "2026-05-17T18:40:33.175Z"
  }
},
{
  "model": "magahospital.auditlog",
  "pk": 69,
  "fields": {
    "user": 9,
    "action": "Processed payment for Visit #23",
    "timestamp": "2026-05-17T18:41:59.733Z"
  }
},
{
  "model": "magahospital.auditlog",
  "pk": 70,
  "fields": {
    "user": 5,
    "action": "Dispensed medication for Visit #23",
    "timestamp": "2026-05-17T18:56:35.909Z"
  }
},
{
  "model": "magahospital.auditlog",
  "pk": 71,
  "fields": {
    "user": 4,
    "action": "Created patient Jalilu Zaidi",
    "timestamp": "2026-05-18T18:06:31.710Z"
  }
},
{
  "model": "magahospital.auditlog",
  "pk": 72,
  "fields": {
    "user": 4,
    "action": "Created visit for patient Jalilu Zaidi",
    "timestamp": "2026-05-18T18:06:42.705Z"
  }
},
{
  "model": "magahospital.auditlog",
  "pk": 73,
  "fields": {
    "user": 4,
    "action": "Created visit for patient Jalilu Zaidi",
    "timestamp": "2026-05-18T18:07:27.408Z"
  }
},
{
  "model": "magahospital.auditlog",
  "pk": 74,
  "fields": {
    "user": 4,
    "action": "Created visit for patient Jalilu Zaidi",
    "timestamp": "2026-05-18T18:15:39.246Z"
  }
},
{
  "model": "magahospital.auditlog",
  "pk": 75,
  "fields": {
    "user": 4,
    "action": "Created visit for patient Jalilu Zaidi",
    "timestamp": "2026-05-18T18:28:47.405Z"
  }
},
{
  "model": "magahospital.auditlog",
  "pk": 76,
  "fields": {
    "user": 4,
    "action": "Created visit for patient Jalilu Zaidi",
    "timestamp": "2026-05-18T18:29:03.139Z"
  }
},
{
  "model": "magahospital.auditlog",
  "pk": 77,
  "fields": {
    "user": 10,
    "action": "Added vitals for Visit #24",
    "timestamp": "2026-05-18T18:37:13.343Z"
  }
},
{
  "model": "magahospital.auditlog",
  "pk": 78,
  "fields": {
    "user": 7,
    "action": "Added doctor consultation for Visit #24",
    "timestamp": "2026-05-18T19:25:08.978Z"
  }
},
{
  "model": "magahospital.auditlog",
  "pk": 79,
  "fields": {
    "user": 4,
    "action": "Created visit for patient Jalilu Zaidi",
    "timestamp": "2026-05-18T19:37:45.793Z"
  }
},
{
  "model": "magahospital.auditlog",
  "pk": 80,
  "fields": {
    "user": 10,
    "action": "Added vitals for Visit #25",
    "timestamp": "2026-05-18T19:39:15.269Z"
  }
},
{
  "model": "magahospital.auditlog",
  "pk": 81,
  "fields": {
    "user": 7,
    "action": "Added doctor consultation for Visit #25",
    "timestamp": "2026-05-18T19:39:55.435Z"
  }
},
{
  "model": "magahospital.auditlog",
  "pk": 82,
  "fields": {
    "user": 3,
    "action": "Added lab results for Visit #24",
    "timestamp": "2026-05-18T19:40:43.216Z"
  }
},
{
  "model": "magahospital.auditlog",
  "pk": 83,
  "fields": {
    "user": 3,
    "action": "Added lab results for Visit #25",
    "timestamp": "2026-05-18T19:40:56.006Z"
  }
},
{
  "model": "magahospital.auditlog",
  "pk": 84,
  "fields": {
    "user": 7,
    "action": "Added prescription for Visit #24",
    "timestamp": "2026-05-18T19:41:27.798Z"
  }
},
{
  "model": "magahospital.auditlog",
  "pk": 85,
  "fields": {
    "user": 7,
    "action": "Added prescription for Visit #25",
    "timestamp": "2026-05-18T19:41:55.271Z"
  }
},
{
  "model": "magahospital.auditlog",
  "pk": 86,
  "fields": {
    "user": 9,
    "action": "Processed payment for Visit #24",
    "timestamp": "2026-05-18T19:42:44.054Z"
  }
},
{
  "model": "magahospital.auditlog",
  "pk": 87,
  "fields": {
    "user": 9,
    "action": "Processed payment for Visit #25",
    "timestamp": "2026-05-18T19:43:02.082Z"
  }
},
{
  "model": "magahospital.auditlog",
  "pk": 88,
  "fields": {
    "user": 5,
    "action": "Added procedure for Visit #24",
    "timestamp": "2026-05-18T19:44:02.950Z"
  }
},
{
  "model": "magahospital.auditlog",
  "pk": 89,
  "fields": {
    "user": 5,
    "action": "Dispensed medication for Visit #24",
    "timestamp": "2026-05-18T19:44:53.822Z"
  }
},
{
  "model": "magahospital.auditlog",
  "pk": 90,
  "fields": {
    "user": 4,
    "action": "Created patient Jailos Kemhe",
    "timestamp": "2026-05-18T19:59:23.812Z"
  }
},
{
  "model": "magahospital.auditlog",
  "pk": 91,
  "fields": {
    "user": 4,
    "action": "Created visit for patient Jailos Kemhe",
    "timestamp": "2026-05-18T19:59:29.979Z"
  }
},
{
  "model": "magahospital.auditlog",
  "pk": 92,
  "fields": {
    "user": 10,
    "action": "Added vitals for Visit #30",
    "timestamp": "2026-05-18T20:00:39.916Z"
  }
},
{
  "model": "magahospital.auditlog",
  "pk": 93,
  "fields": {
    "user": 7,
    "action": "Added doctor consultation for Visit #30",
    "timestamp": "2026-05-18T20:01:57.514Z"
  }
},
{
  "model": "magahospital.auditlog",
  "pk": 94,
  "fields": {
    "user": 3,
    "action": "Added lab results for Visit #30",
    "timestamp": "2026-05-18T20:02:30.431Z"
  }
},
{
  "model": "magahospital.auditlog",
  "pk": 95,
  "fields": {
    "user": 7,
    "action": "Added prescription for Visit #30",
    "timestamp": "2026-05-18T20:03:07.210Z"
  }
},
{
  "model": "magahospital.auditlog",
  "pk": 96,
  "fields": {
    "user": 7,
    "action": "Added procedure for Visit #30",
    "timestamp": "2026-05-18T20:03:56.619Z"
  }
},
{
  "model": "magahospital.auditlog",
  "pk": 97,
  "fields": {
    "user": 9,
    "action": "Processed payment for Visit #30",
    "timestamp": "2026-05-18T20:04:55.127Z"
  }
},
{
  "model": "magahospital.auditlog",
  "pk": 98,
  "fields": {
    "user": 5,
    "action": "Dispensed medication for Visit #30",
    "timestamp": "2026-05-18T20:06:05.379Z"
  }
},
{
  "model": "magahospital.auditlog",
  "pk": 99,
  "fields": {
    "user": 10,
    "action": "Added vitals for Visit #26",
    "timestamp": "2026-05-18T20:14:16.454Z"
  }
},
{
  "model": "magahospital.auditlog",
  "pk": 100,
  "fields": {
    "user": 10,
    "action": "Added vitals for Visit #27",
    "timestamp": "2026-05-18T20:14:29.365Z"
  }
},
{
  "model": "magahospital.auditlog",
  "pk": 101,
  "fields": {
    "user": 10,
    "action": "Added vitals for Visit #28",
    "timestamp": "2026-05-18T20:14:34.776Z"
  }
},
{
  "model": "magahospital.auditlog",
  "pk": 102,
  "fields": {
    "user": 10,
    "action": "Added vitals for Visit #29",
    "timestamp": "2026-05-18T20:14:40.020Z"
  }
},
{
  "model": "magahospital.auditlog",
  "pk": 103,
  "fields": {
    "user": 7,
    "action": "Added doctor consultation for Visit #26",
    "timestamp": "2026-05-18T20:15:31.706Z"
  }
},
{
  "model": "magahospital.auditlog",
  "pk": 104,
  "fields": {
    "user": 7,
    "action": "Added doctor consultation for Visit #27",
    "timestamp": "2026-05-18T20:15:46.465Z"
  }
},
{
  "model": "magahospital.auditlog",
  "pk": 105,
  "fields": {
    "user": 7,
    "action": "Added doctor consultation for Visit #28",
    "timestamp": "2026-05-18T20:15:59.639Z"
  }
},
{
  "model": "magahospital.auditlog",
  "pk": 106,
  "fields": {
    "user": 7,
    "action": "Added doctor consultation for Visit #29",
    "timestamp": "2026-05-18T20:16:18.393Z"
  }
},
{
  "model": "magahospital.auditlog",
  "pk": 107,
  "fields": {
    "user": 3,
    "action": "Added lab results for Visit #26",
    "timestamp": "2026-05-18T20:17:11.853Z"
  }
},
{
  "model": "magahospital.auditlog",
  "pk": 108,
  "fields": {
    "user": 3,
    "action": "Added lab results for Visit #27",
    "timestamp": "2026-05-18T20:17:23.750Z"
  }
},
{
  "model": "magahospital.auditlog",
  "pk": 109,
  "fields": {
    "user": 3,
    "action": "Added lab results for Visit #28",
    "timestamp": "2026-05-18T20:17:35.957Z"
  }
},
{
  "model": "magahospital.auditlog",
  "pk": 110,
  "fields": {
    "user": 3,
    "action": "Added lab results for Visit #29",
    "timestamp": "2026-05-18T20:17:46.741Z"
  }
},
{
  "model": "magahospital.auditlog",
  "pk": 111,
  "fields": {
    "user": 7,
    "action": "Added prescription for Visit #26",
    "timestamp": "2026-05-18T20:18:13.692Z"
  }
},
{
  "model": "magahospital.auditlog",
  "pk": 112,
  "fields": {
    "user": 9,
    "action": "Processed payment for Visit #26",
    "timestamp": "2026-05-18T20:19:56.872Z"
  }
},
{
  "model": "magahospital.auditlog",
  "pk": 113,
  "fields": {
    "user": 4,
    "action": "Created patient Maganga Singu",
    "timestamp": "2026-05-18T20:34:07.721Z"
  }
},
{
  "model": "magahospital.auditlog",
  "pk": 114,
  "fields": {
    "user": 4,
    "action": "Created visit for patient Maganga Singu",
    "timestamp": "2026-05-18T20:34:13.910Z"
  }
},
{
  "model": "magahospital.auditlog",
  "pk": 115,
  "fields": {
    "user": 10,
    "action": "Added vitals for Visit #31",
    "timestamp": "2026-05-18T20:35:14.906Z"
  }
},
{
  "model": "magahospital.auditlog",
  "pk": 116,
  "fields": {
    "user": 7,
    "action": "Added doctor consultation for Visit #31",
    "timestamp": "2026-05-18T20:37:45.095Z"
  }
},
{
  "model": "magahospital.auditlog",
  "pk": 117,
  "fields": {
    "user": 3,
    "action": "Added lab results for Visit #31",
    "timestamp": "2026-05-18T20:38:19.451Z"
  }
},
{
  "model": "magahospital.auditlog",
  "pk": 118,
  "fields": {
    "user": 7,
    "action": "Added prescription for Visit #31",
    "timestamp": "2026-05-18T20:39:04.875Z"
  }
},
{
  "model": "magahospital.auditlog",
  "pk": 119,
  "fields": {
    "user": 4,
    "action": "Created patient Jalamba Sayi",
    "timestamp": "2026-05-18T20:52:50.660Z"
  }
},
{
  "model": "magahospital.auditlog",
  "pk": 120,
  "fields": {
    "user": 4,
    "action": "Created visit for patient Jalamba Sayi",
    "timestamp": "2026-05-18T20:52:59.433Z"
  }
},
{
  "model": "magahospital.auditlog",
  "pk": 121,
  "fields": {
    "user": 10,
    "action": "Added vitals for Visit #32",
    "timestamp": "2026-05-18T20:54:36.121Z"
  }
},
{
  "model": "magahospital.auditlog",
  "pk": 122,
  "fields": {
    "user": 7,
    "action": "Added doctor consultation for Visit #32",
    "timestamp": "2026-05-18T20:56:05.066Z"
  }
},
{
  "model": "magahospital.auditlog",
  "pk": 123,
  "fields": {
    "user": 3,
    "action": "Added lab results for Visit #32",
    "timestamp": "2026-05-18T20:56:31.716Z"
  }
},
{
  "model": "magahospital.auditlog",
  "pk": 124,
  "fields": {
    "user": 7,
    "action": "Added prescription for Visit #32",
    "timestamp": "2026-05-18T20:57:18.994Z"
  }
},
{
  "model": "magahospital.auditlog",
  "pk": 125,
  "fields": {
    "user": 4,
    "action": "Created patient Jacob Shija",
    "timestamp": "2026-05-18T21:06:50.558Z"
  }
},
{
  "model": "magahospital.auditlog",
  "pk": 126,
  "fields": {
    "user": 4,
    "action": "Created visit for patient Jacob Shija",
    "timestamp": "2026-05-18T21:06:59.516Z"
  }
},
{
  "model": "magahospital.auditlog",
  "pk": 127,
  "fields": {
    "user": 10,
    "action": "Added vitals for Visit #33",
    "timestamp": "2026-05-18T21:07:49.181Z"
  }
},
{
  "model": "magahospital.auditlog",
  "pk": 128,
  "fields": {
    "user": 7,
    "action": "Added doctor consultation for Visit #33",
    "timestamp": "2026-05-18T21:08:33.940Z"
  }
},
{
  "model": "magahospital.auditlog",
  "pk": 129,
  "fields": {
    "user": 3,
    "action": "Added lab results for Visit #33",
    "timestamp": "2026-05-18T21:09:04.453Z"
  }
},
{
  "model": "magahospital.auditlog",
  "pk": 130,
  "fields": {
    "user": 7,
    "action": "Added prescription for Visit #33",
    "timestamp": "2026-05-18T21:09:58.979Z"
  }
},
{
  "model": "magahospital.auditlog",
  "pk": 131,
  "fields": {
    "user": 7,
    "action": "Added procedure for Visit #33",
    "timestamp": "2026-05-18T21:11:14.523Z"
  }
},
{
  "model": "magahospital.auditlog",
  "pk": 132,
  "fields": {
    "user": 4,
    "action": "Created appointment for Lydia Method",
    "timestamp": "2026-05-19T07:28:19.782Z"
  }
},
{
  "model": "magahospital.auditlog",
  "pk": 133,
  "fields": {
    "user": 4,
    "action": "Created patient Baraka Kilave",
    "timestamp": "2026-05-19T07:47:47.150Z"
  }
},
{
  "model": "magahospital.auditlog",
  "pk": 134,
  "fields": {
    "user": 4,
    "action": "Created visit for patient Baraka Kilave",
    "timestamp": "2026-05-19T07:48:59.892Z"
  }
},
{
  "model": "magahospital.auditlog",
  "pk": 135,
  "fields": {
    "user": 10,
    "action": "Added vitals for Visit #34",
    "timestamp": "2026-05-19T07:50:37.998Z"
  }
},
{
  "model": "magahospital.auditlog",
  "pk": 136,
  "fields": {
    "user": 7,
    "action": "Added doctor consultation for Visit #34",
    "timestamp": "2026-05-19T07:51:59.147Z"
  }
},
{
  "model": "magahospital.auditlog",
  "pk": 137,
  "fields": {
    "user": 3,
    "action": "Added lab results for Visit #34",
    "timestamp": "2026-05-19T07:52:36.813Z"
  }
},
{
  "model": "magahospital.auditlog",
  "pk": 138,
  "fields": {
    "user": 7,
    "action": "Added prescription for Visit #34",
    "timestamp": "2026-05-19T07:53:23.733Z"
  }
},
{
  "model": "magahospital.auditlog",
  "pk": 139,
  "fields": {
    "user": 9,
    "action": "Processed payment for Visit #34",
    "timestamp": "2026-05-19T07:54:29.709Z"
  }
},
{
  "model": "magahospital.auditlog",
  "pk": 140,
  "fields": {
    "user": 5,
    "action": "Dispensed medication for Visit #34",
    "timestamp": "2026-05-19T07:58:40.089Z"
  }
},
{
  "model": "magahospital.auditlog",
  "pk": 141,
  "fields": {
    "user": 4,
    "action": "Created visit for patient Lydia Method",
    "timestamp": "2026-05-19T09:17:35.292Z"
  }
},
{
  "model": "magahospital.auditlog",
  "pk": 142,
  "fields": {
    "user": 4,
    "action": "Created patient Said Issa",
    "timestamp": "2026-05-19T11:13:39.281Z"
  }
},
{
  "model": "magahospital.auditlog",
  "pk": 143,
  "fields": {
    "user": 4,
    "action": "Created visit for patient Said Issa",
    "timestamp": "2026-05-19T11:13:48.099Z"
  }
},
{
  "model": "magahospital.auditlog",
  "pk": 144,
  "fields": {
    "user": 10,
    "action": "Added vitals for Visit #35",
    "timestamp": "2026-05-19T12:28:48.090Z"
  }
},
{
  "model": "magahospital.auditlog",
  "pk": 145,
  "fields": {
    "user": 7,
    "action": "Added doctor consultation for Visit #35",
    "timestamp": "2026-05-19T12:37:42.089Z"
  }
},
{
  "model": "magahospital.auditlog",
  "pk": 146,
  "fields": {
    "user": 3,
    "action": "Added lab results for Visit #35",
    "timestamp": "2026-05-19T12:39:09.221Z"
  }
},
{
  "model": "magahospital.auditlog",
  "pk": 147,
  "fields": {
    "user": 7,
    "action": "Added prescription for Visit #35",
    "timestamp": "2026-05-19T12:40:19.506Z"
  }
},
{
  "model": "magahospital.auditlog",
  "pk": 148,
  "fields": {
    "user": 7,
    "action": "Added procedure for Visit #35",
    "timestamp": "2026-05-19T12:41:13.245Z"
  }
},
{
  "model": "magahospital.auditlog",
  "pk": 149,
  "fields": {
    "user": 9,
    "action": "Processed payment for Visit #35",
    "timestamp": "2026-05-19T12:42:48.367Z"
  }
},
{
  "model": "magahospital.auditlog",
  "pk": 150,
  "fields": {
    "user": 4,
    "action": "Created patient Henry Bukanu",
    "timestamp": "2026-05-19T13:09:39.249Z"
  }
},
{
  "model": "magahospital.auditlog",
  "pk": 151,
  "fields": {
    "user": 4,
    "action": "Created visit for patient Henry Bukanu",
    "timestamp": "2026-05-19T13:09:53.485Z"
  }
},
{
  "model": "magahospital.auditlog",
  "pk": 152,
  "fields": {
    "user": 10,
    "action": "Added vitals for Visit #37",
    "timestamp": "2026-05-19T13:10:54.821Z"
  }
},
{
  "model": "magahospital.auditlog",
  "pk": 153,
  "fields": {
    "user": 7,
    "action": "Added doctor consultation for Visit #37",
    "timestamp": "2026-05-19T13:12:38.946Z"
  }
},
{
  "model": "magahospital.auditlog",
  "pk": 154,
  "fields": {
    "user": 4,
    "action": "Created patient Jacob Magadulla",
    "timestamp": "2026-05-19T14:02:26.940Z"
  }
},
{
  "model": "magahospital.auditlog",
  "pk": 155,
  "fields": {
    "user": 4,
    "action": "Created visit for patient Jacob Magadulla",
    "timestamp": "2026-05-19T14:02:41.304Z"
  }
},
{
  "model": "magahospital.auditlog",
  "pk": 156,
  "fields": {
    "user": 10,
    "action": "Added vitals for Visit #38",
    "timestamp": "2026-05-19T14:03:37.273Z"
  }
},
{
  "model": "magahospital.auditlog",
  "pk": 157,
  "fields": {
    "user": 7,
    "action": "Added doctor consultation for Visit #38",
    "timestamp": "2026-05-19T14:05:14.074Z"
  }
},
{
  "model": "magahospital.auditlog",
  "pk": 158,
  "fields": {
    "user": 9,
    "action": "Processed payment for Visit #38",
    "timestamp": "2026-05-19T14:12:58.158Z"
  }
},
{
  "model": "magahospital.auditlog",
  "pk": 159,
  "fields": {
    "user": 5,
    "action": "Dispensed medication for Visit #38",
    "timestamp": "2026-05-19T14:53:33.079Z"
  }
},
{
  "model": "magahospital.auditlog",
  "pk": 160,
  "fields": {
    "user": 4,
    "action": "Created patient Magadulla Ngulla",
    "timestamp": "2026-05-19T14:54:27.447Z"
  }
},
{
  "model": "magahospital.auditlog",
  "pk": 161,
  "fields": {
    "user": 4,
    "action": "Created visit for patient Magadulla Ngulla",
    "timestamp": "2026-05-19T14:54:37.374Z"
  }
},
{
  "model": "magahospital.auditlog",
  "pk": 162,
  "fields": {
    "user": 10,
    "action": "Added vitals for Visit #39",
    "timestamp": "2026-05-19T14:55:43.974Z"
  }
},
{
  "model": "magahospital.auditlog",
  "pk": 163,
  "fields": {
    "user": 7,
    "action": "Added doctor consultation for Visit #39",
    "timestamp": "2026-05-19T14:57:10.464Z"
  }
},
{
  "model": "magahospital.auditlog",
  "pk": 164,
  "fields": {
    "user": 9,
    "action": "Processed payment for Visit #39",
    "timestamp": "2026-05-19T16:07:46.921Z"
  }
},
{
  "model": "magahospital.auditlog",
  "pk": 165,
  "fields": {
    "user": 5,
    "action": "Dispensed medication for Visit #39",
    "timestamp": "2026-05-19T16:08:39.128Z"
  }
},
{
  "model": "magahospital.auditlog",
  "pk": 166,
  "fields": {
    "user": 4,
    "action": "Created patient Juma Shija",
    "timestamp": "2026-05-20T08:44:39.582Z"
  }
},
{
  "model": "magahospital.auditlog",
  "pk": 167,
  "fields": {
    "user": 4,
    "action": "Created visit for patient Juma Shija",
    "timestamp": "2026-05-20T08:44:47.162Z"
  }
},
{
  "model": "magahospital.auditlog",
  "pk": 168,
  "fields": {
    "user": 10,
    "action": "Added vitals for Visit #40",
    "timestamp": "2026-05-20T08:45:47.605Z"
  }
},
{
  "model": "magahospital.auditlog",
  "pk": 169,
  "fields": {
    "user": 7,
    "action": "Added doctor consultation for Visit #40",
    "timestamp": "2026-05-20T09:50:06.331Z"
  }
},
{
  "model": "magahospital.auditlog",
  "pk": 170,
  "fields": {
    "user": 4,
    "action": "Created patient John Fungameza",
    "timestamp": "2026-05-20T10:07:35.809Z"
  }
},
{
  "model": "magahospital.auditlog",
  "pk": 171,
  "fields": {
    "user": 4,
    "action": "Created visit for patient John Fungameza",
    "timestamp": "2026-05-20T10:07:41.402Z"
  }
},
{
  "model": "magahospital.auditlog",
  "pk": 172,
  "fields": {
    "user": 10,
    "action": "Added vitals for Visit #41",
    "timestamp": "2026-05-20T10:09:43.389Z"
  }
},
{
  "model": "magahospital.auditlog",
  "pk": 173,
  "fields": {
    "user": 7,
    "action": "Added doctor consultation for Visit #41",
    "timestamp": "2026-05-20T10:37:43.871Z"
  }
},
{
  "model": "magahospital.auditlog",
  "pk": 174,
  "fields": {
    "user": 4,
    "action": "Created patient Baraka Kilave",
    "timestamp": "2026-05-20T11:04:32.685Z"
  }
},
{
  "model": "magahospital.auditlog",
  "pk": 175,
  "fields": {
    "user": 4,
    "action": "Created visit for patient Baraka Kilave",
    "timestamp": "2026-05-20T11:04:37.187Z"
  }
},
{
  "model": "magahospital.auditlog",
  "pk": 176,
  "fields": {
    "user": 10,
    "action": "Added vitals for Visit #42",
    "timestamp": "2026-05-20T11:05:32.579Z"
  }
},
{
  "model": "magahospital.auditlog",
  "pk": 177,
  "fields": {
    "user": 4,
    "action": "Created patient Baraka Jumbe",
    "timestamp": "2026-05-20T11:15:37.474Z"
  }
},
{
  "model": "magahospital.auditlog",
  "pk": 178,
  "fields": {
    "user": 4,
    "action": "Created visit for patient Baraka Jumbe",
    "timestamp": "2026-05-20T11:15:40.947Z"
  }
},
{
  "model": "magahospital.auditlog",
  "pk": 179,
  "fields": {
    "user": 10,
    "action": "Added vitals for Visit #43",
    "timestamp": "2026-05-20T11:16:37.808Z"
  }
},
{
  "model": "magahospital.auditlog",
  "pk": 180,
  "fields": {
    "user": 7,
    "action": "Added doctor consultation for Visit #43",
    "timestamp": "2026-05-20T12:35:32.696Z"
  }
},
{
  "model": "magahospital.auditlog",
  "pk": 181,
  "fields": {
    "user": 3,
    "action": "Added lab results for Visit #41",
    "timestamp": "2026-05-20T12:37:08.673Z"
  }
},
{
  "model": "magahospital.auditlog",
  "pk": 182,
  "fields": {
    "user": 3,
    "action": "Added lab results for Visit #43",
    "timestamp": "2026-05-20T12:37:19.224Z"
  }
},
{
  "model": "magahospital.auditlog",
  "pk": 183,
  "fields": {
    "user": 7,
    "action": "Added prescription for Visit #41",
    "timestamp": "2026-05-20T15:45:50.473Z"
  }
},
{
  "model": "magahospital.auditlog",
  "pk": 184,
  "fields": {
    "user": 7,
    "action": "Added prescription for Visit #43",
    "timestamp": "2026-05-20T15:46:42.433Z"
  }
},
{
  "model": "magahospital.auditlog",
  "pk": 185,
  "fields": {
    "user": 4,
    "action": "Created patient Haji Manara",
    "timestamp": "2026-05-20T15:52:33.170Z"
  }
},
{
  "model": "magahospital.auditlog",
  "pk": 186,
  "fields": {
    "user": 4,
    "action": "Created visit for patient Haji Manara",
    "timestamp": "2026-05-20T15:52:46.063Z"
  }
},
{
  "model": "magahospital.auditlog",
  "pk": 187,
  "fields": {
    "user": 10,
    "action": "Added vitals for Visit #44",
    "timestamp": "2026-05-20T15:53:59.584Z"
  }
},
{
  "model": "magahospital.auditlog",
  "pk": 188,
  "fields": {
    "user": 7,
    "action": "Added doctor consultation for Visit #44",
    "timestamp": "2026-05-20T15:55:05.745Z"
  }
},
{
  "model": "magahospital.auditlog",
  "pk": 189,
  "fields": {
    "user": 7,
    "action": "Added doctor consultation for Visit #42",
    "timestamp": "2026-05-20T15:55:43.726Z"
  }
},
{
  "model": "magahospital.auditlog",
  "pk": 190,
  "fields": {
    "user": 3,
    "action": "Added lab results for Visit #42",
    "timestamp": "2026-05-20T15:56:30.418Z"
  }
},
{
  "model": "magahospital.auditlog",
  "pk": 191,
  "fields": {
    "user": 3,
    "action": "Added lab results for Visit #44",
    "timestamp": "2026-05-20T15:56:45.122Z"
  }
},
{
  "model": "magahospital.auditlog",
  "pk": 192,
  "fields": {
    "user": 7,
    "action": "Added prescription for Visit #42",
    "timestamp": "2026-05-20T15:57:30.481Z"
  }
},
{
  "model": "magahospital.auditlog",
  "pk": 193,
  "fields": {
    "user": 7,
    "action": "Added prescription for Visit #44",
    "timestamp": "2026-05-20T15:58:06.030Z"
  }
},
{
  "model": "magahospital.auditlog",
  "pk": 194,
  "fields": {
    "user": 9,
    "action": "Processed payment for Visit #40",
    "timestamp": "2026-05-20T15:59:40.714Z"
  }
},
{
  "model": "magahospital.auditlog",
  "pk": 195,
  "fields": {
    "user": 5,
    "action": "Dispensed medication for Visit #40",
    "timestamp": "2026-05-20T16:02:40.767Z"
  }
},
{
  "model": "magahospital.auditlog",
  "pk": 196,
  "fields": {
    "user": 4,
    "action": "Created patient Bailam Juma",
    "timestamp": "2026-05-20T16:35:46.505Z"
  }
},
{
  "model": "magahospital.auditlog",
  "pk": 197,
  "fields": {
    "user": 4,
    "action": "Created visit for patient Bailam Juma",
    "timestamp": "2026-05-20T16:35:53.386Z"
  }
},
{
  "model": "magahospital.auditlog",
  "pk": 198,
  "fields": {
    "user": 10,
    "action": "Added vitals for Visit #45",
    "timestamp": "2026-05-20T16:37:01.568Z"
  }
},
{
  "model": "magahospital.auditlog",
  "pk": 199,
  "fields": {
    "user": 7,
    "action": "Added doctor consultation for Visit #45",
    "timestamp": "2026-05-20T16:38:08.857Z"
  }
},
{
  "model": "magahospital.auditlog",
  "pk": 200,
  "fields": {
    "user": 3,
    "action": "Added lab results for Visit #45",
    "timestamp": "2026-05-20T16:38:54.472Z"
  }
},
{
  "model": "magahospital.auditlog",
  "pk": 201,
  "fields": {
    "user": 7,
    "action": "Added prescription for Visit #45",
    "timestamp": "2026-05-20T16:39:50.210Z"
  }
},
{
  "model": "magahospital.auditlog",
  "pk": 202,
  "fields": {
    "user": 4,
    "action": "Created patient Jailo Juma",
    "timestamp": "2026-05-20T16:52:52.118Z"
  }
},
{
  "model": "magahospital.auditlog",
  "pk": 203,
  "fields": {
    "user": 4,
    "action": "Created visit for patient Jailo Juma",
    "timestamp": "2026-05-20T16:52:58.902Z"
  }
},
{
  "model": "magahospital.auditlog",
  "pk": 204,
  "fields": {
    "user": 10,
    "action": "Added vitals for Visit #46",
    "timestamp": "2026-05-20T16:53:52.051Z"
  }
},
{
  "model": "magahospital.auditlog",
  "pk": 205,
  "fields": {
    "user": 7,
    "action": "Added doctor consultation for Visit #46",
    "timestamp": "2026-05-20T16:54:45.564Z"
  }
},
{
  "model": "magahospital.auditlog",
  "pk": 206,
  "fields": {
    "user": 3,
    "action": "Added lab results for Visit #46",
    "timestamp": "2026-05-20T16:55:27.315Z"
  }
},
{
  "model": "magahospital.auditlog",
  "pk": 207,
  "fields": {
    "user": 7,
    "action": "Added prescription for Visit #46",
    "timestamp": "2026-05-20T16:56:04.688Z"
  }
},
{
  "model": "magahospital.auditlog",
  "pk": 208,
  "fields": {
    "user": 9,
    "action": "Processed payment for Visit #46",
    "timestamp": "2026-05-20T17:13:30.022Z"
  }
},
{
  "model": "magahospital.auditlog",
  "pk": 209,
  "fields": {
    "user": 5,
    "action": "Dispensed medication for Visit #46",
    "timestamp": "2026-05-20T17:14:46.856Z"
  }
},
{
  "model": "magahospital.auditlog",
  "pk": 210,
  "fields": {
    "user": 4,
    "action": "Created patient Sara Majige",
    "timestamp": "2026-05-20T17:16:33.237Z"
  }
},
{
  "model": "magahospital.auditlog",
  "pk": 211,
  "fields": {
    "user": 4,
    "action": "Created visit for patient Sara Majige",
    "timestamp": "2026-05-20T17:16:39.498Z"
  }
},
{
  "model": "magahospital.auditlog",
  "pk": 212,
  "fields": {
    "user": 10,
    "action": "Added vitals for Visit #47",
    "timestamp": "2026-05-20T17:17:56.306Z"
  }
},
{
  "model": "magahospital.auditlog",
  "pk": 213,
  "fields": {
    "user": 7,
    "action": "Added doctor consultation for Visit #47",
    "timestamp": "2026-05-20T17:18:47.624Z"
  }
},
{
  "model": "magahospital.auditlog",
  "pk": 214,
  "fields": {
    "user": 3,
    "action": "Added lab results for Visit #47",
    "timestamp": "2026-05-20T17:19:24.408Z"
  }
},
{
  "model": "magahospital.auditlog",
  "pk": 215,
  "fields": {
    "user": 7,
    "action": "Added prescription for Visit #47",
    "timestamp": "2026-05-20T17:20:05.350Z"
  }
},
{
  "model": "magahospital.auditlog",
  "pk": 216,
  "fields": {
    "user": 4,
    "action": "Created patient Juma Shija",
    "timestamp": "2026-05-20T17:28:36.331Z"
  }
},
{
  "model": "magahospital.auditlog",
  "pk": 217,
  "fields": {
    "user": 4,
    "action": "Created visit for patient Juma Shija",
    "timestamp": "2026-05-20T17:28:42.336Z"
  }
},
{
  "model": "magahospital.auditlog",
  "pk": 218,
  "fields": {
    "user": 10,
    "action": "Added vitals for Visit #48",
    "timestamp": "2026-05-20T17:29:40.989Z"
  }
},
{
  "model": "magahospital.auditlog",
  "pk": 219,
  "fields": {
    "user": 7,
    "action": "Added doctor consultation for Visit #48",
    "timestamp": "2026-05-20T17:30:33.206Z"
  }
},
{
  "model": "magahospital.auditlog",
  "pk": 220,
  "fields": {
    "user": 3,
    "action": "Added lab results for Visit #48",
    "timestamp": "2026-05-20T17:31:11.814Z"
  }
},
{
  "model": "magahospital.auditlog",
  "pk": 221,
  "fields": {
    "user": 7,
    "action": "Added prescription for Visit #48",
    "timestamp": "2026-05-20T17:31:48.602Z"
  }
},
{
  "model": "magahospital.auditlog",
  "pk": 222,
  "fields": {
    "user": 9,
    "action": "Processed payment for Visit #48",
    "timestamp": "2026-05-20T17:32:48.364Z"
  }
},
{
  "model": "magahospital.auditlog",
  "pk": 223,
  "fields": {
    "user": 5,
    "action": "Dispensed medication for Visit #48",
    "timestamp": "2026-05-20T17:33:54.395Z"
  }
},
{
  "model": "magahospital.auditlog",
  "pk": 224,
  "fields": {
    "user": 4,
    "action": "Created patient John Fungameza",
    "timestamp": "2026-05-20T18:12:02.873Z"
  }
},
{
  "model": "magahospital.auditlog",
  "pk": 225,
  "fields": {
    "user": 4,
    "action": "Created visit for patient John Fungameza",
    "timestamp": "2026-05-20T18:12:14.502Z"
  }
},
{
  "model": "magahospital.auditlog",
  "pk": 226,
  "fields": {
    "user": 10,
    "action": "Added vitals for Visit #49",
    "timestamp": "2026-05-20T18:13:12.234Z"
  }
},
{
  "model": "magahospital.auditlog",
  "pk": 227,
  "fields": {
    "user": 7,
    "action": "Added doctor consultation for Visit #49",
    "timestamp": "2026-05-20T18:14:00.237Z"
  }
},
{
  "model": "magahospital.auditlog",
  "pk": 228,
  "fields": {
    "user": 3,
    "action": "Added lab results for Visit #49",
    "timestamp": "2026-05-20T18:14:39.764Z"
  }
},
{
  "model": "magahospital.auditlog",
  "pk": 229,
  "fields": {
    "user": 7,
    "action": "Added prescription for Visit #49",
    "timestamp": "2026-05-20T18:15:17.870Z"
  }
},
{
  "model": "magahospital.auditlog",
  "pk": 230,
  "fields": {
    "user": 9,
    "action": "Processed payment for Visit #49",
    "timestamp": "2026-05-20T18:17:02.643Z"
  }
},
{
  "model": "magahospital.auditlog",
  "pk": 231,
  "fields": {
    "user": 5,
    "action": "Dispensed medication for Visit #49",
    "timestamp": "2026-05-20T18:18:19.041Z"
  }
},
{
  "model": "magahospital.auditlog",
  "pk": 232,
  "fields": {
    "user": 4,
    "action": "Created patient Jailos Jumbe",
    "timestamp": "2026-05-20T18:32:43.671Z"
  }
},
{
  "model": "magahospital.auditlog",
  "pk": 233,
  "fields": {
    "user": 4,
    "action": "Created visit for patient Jailos Jumbe",
    "timestamp": "2026-05-20T18:32:48.685Z"
  }
},
{
  "model": "magahospital.auditlog",
  "pk": 234,
  "fields": {
    "user": 10,
    "action": "Added vitals for Visit #50",
    "timestamp": "2026-05-20T18:33:46.746Z"
  }
},
{
  "model": "magahospital.auditlog",
  "pk": 235,
  "fields": {
    "user": 7,
    "action": "Added doctor consultation for Visit #50",
    "timestamp": "2026-05-20T18:34:29.380Z"
  }
},
{
  "model": "magahospital.auditlog",
  "pk": 236,
  "fields": {
    "user": 3,
    "action": "Added lab results for Visit #50",
    "timestamp": "2026-05-20T18:35:01.173Z"
  }
},
{
  "model": "magahospital.auditlog",
  "pk": 237,
  "fields": {
    "user": 7,
    "action": "Added prescription for Visit #50",
    "timestamp": "2026-05-20T18:35:38.943Z"
  }
},
{
  "model": "magahospital.auditlog",
  "pk": 238,
  "fields": {
    "user": 9,
    "action": "Processed payment for Visit #50",
    "timestamp": "2026-05-20T18:43:27.382Z"
  }
},
{
  "model": "magahospital.auditlog",
  "pk": 239,
  "fields": {
    "user": 5,
    "action": "Dispensed medication for Visit #50",
    "timestamp": "2026-05-20T18:45:05.430Z"
  }
},
{
  "model": "magahospital.auditlog",
  "pk": 240,
  "fields": {
    "user": 4,
    "action": "Created visit for patient Jailos Jumbe",
    "timestamp": "2026-05-21T06:18:34.052Z"
  }
},
{
  "model": "magahospital.auditlog",
  "pk": 241,
  "fields": {
    "user": 10,
    "action": "Added vitals for Visit #51",
    "timestamp": "2026-05-21T06:19:23.656Z"
  }
},
{
  "model": "magahospital.auditlog",
  "pk": 242,
  "fields": {
    "user": 7,
    "action": "Added doctor consultation for Visit #51",
    "timestamp": "2026-05-21T06:20:50.977Z"
  }
},
{
  "model": "magahospital.auditlog",
  "pk": 243,
  "fields": {
    "user": 9,
    "action": "Processed payment for Visit #51",
    "timestamp": "2026-05-21T06:21:47.191Z"
  }
},
{
  "model": "magahospital.auditlog",
  "pk": 244,
  "fields": {
    "user": 4,
    "action": "Created patient James Peter",
    "timestamp": "2026-05-21T09:58:47.062Z"
  }
},
{
  "model": "magahospital.auditlog",
  "pk": 245,
  "fields": {
    "user": 4,
    "action": "Created visit for patient James Peter",
    "timestamp": "2026-05-21T09:58:52.230Z"
  }
},
{
  "model": "magahospital.auditlog",
  "pk": 246,
  "fields": {
    "user": 10,
    "action": "Added vitals for Visit #52",
    "timestamp": "2026-05-21T09:59:57.718Z"
  }
},
{
  "model": "magahospital.auditlog",
  "pk": 247,
  "fields": {
    "user": 7,
    "action": "Added doctor consultation for Visit #52",
    "timestamp": "2026-05-21T10:20:07.834Z"
  }
},
{
  "model": "magahospital.auditlog",
  "pk": 248,
  "fields": {
    "user": 7,
    "action": "Added doctor consultation for Visit #52",
    "timestamp": "2026-05-21T10:35:08.248Z"
  }
},
{
  "model": "magahospital.auditlog",
  "pk": 249,
  "fields": {
    "user": 11,
    "action": "Added procedure for Visit #52",
    "timestamp": "2026-05-21T13:18:51.973Z"
  }
},
{
  "model": "magahospital.auditlog",
  "pk": 250,
  "fields": {
    "user": 7,
    "action": "Added prescription for Visit #52",
    "timestamp": "2026-05-21T13:58:38.740Z"
  }
},
{
  "model": "magahospital.auditlog",
  "pk": 251,
  "fields": {
    "user": 4,
    "action": "Created patient Hawala Musa",
    "timestamp": "2026-05-21T13:59:41.143Z"
  }
},
{
  "model": "magahospital.auditlog",
  "pk": 252,
  "fields": {
    "user": 4,
    "action": "Created visit for patient Hawala Musa",
    "timestamp": "2026-05-21T13:59:45.051Z"
  }
},
{
  "model": "magahospital.auditlog",
  "pk": 253,
  "fields": {
    "user": 10,
    "action": "Added vitals for Visit #53",
    "timestamp": "2026-05-21T14:00:26.031Z"
  }
},
{
  "model": "magahospital.auditlog",
  "pk": 254,
  "fields": {
    "user": 7,
    "action": "Added doctor consultation for Visit #53",
    "timestamp": "2026-05-21T14:01:27.154Z"
  }
},
{
  "model": "magahospital.auditlog",
  "pk": 255,
  "fields": {
    "user": 11,
    "action": "Added procedure for Visit #53",
    "timestamp": "2026-05-21T14:02:14.661Z"
  }
},
{
  "model": "magahospital.auditlog",
  "pk": 256,
  "fields": {
    "user": 4,
    "action": "Created patient Jailos Hamisi",
    "timestamp": "2026-05-21T15:34:27.790Z"
  }
},
{
  "model": "magahospital.auditlog",
  "pk": 257,
  "fields": {
    "user": 4,
    "action": "Created visit for patient Jailos Hamisi",
    "timestamp": "2026-05-21T15:34:31.932Z"
  }
},
{
  "model": "magahospital.auditlog",
  "pk": 258,
  "fields": {
    "user": 10,
    "action": "Added vitals for Visit #54",
    "timestamp": "2026-05-21T15:35:16.019Z"
  }
},
{
  "model": "magahospital.auditlog",
  "pk": 259,
  "fields": {
    "user": 7,
    "action": "Added doctor consultation for Visit #54",
    "timestamp": "2026-05-21T15:35:58.435Z"
  }
},
{
  "model": "magahospital.auditlog",
  "pk": 260,
  "fields": {
    "user": 7,
    "action": "Added doctor consultation for Visit #54",
    "timestamp": "2026-05-21T16:00:47.414Z"
  }
},
{
  "model": "magahospital.auditlog",
  "pk": 261,
  "fields": {
    "user": 7,
    "action": "Added doctor consultation for Visit #54",
    "timestamp": "2026-05-21T16:09:11.652Z"
  }
},
{
  "model": "magahospital.auditlog",
  "pk": 262,
  "fields": {
    "user": 11,
    "action": "Added procedure for Visit #54",
    "timestamp": "2026-05-21T16:10:02.337Z"
  }
},
{
  "model": "magahospital.auditlog",
  "pk": 263,
  "fields": {
    "user": 7,
    "action": "Added prescription for Visit #54",
    "timestamp": "2026-05-21T16:23:51.874Z"
  }
},
{
  "model": "magahospital.auditlog",
  "pk": 264,
  "fields": {
    "user": 7,
    "action": "Added prescription for Visit #53",
    "timestamp": "2026-05-21T16:24:10.667Z"
  }
},
{
  "model": "magahospital.auditlog",
  "pk": 265,
  "fields": {
    "user": 9,
    "action": "Processed payment for Visit #52",
    "timestamp": "2026-05-21T16:45:19.605Z"
  }
},
{
  "model": "magahospital.auditlog",
  "pk": 266,
  "fields": {
    "user": 9,
    "action": "Processed payment for Visit #54",
    "timestamp": "2026-05-21T17:05:18.401Z"
  }
},
{
  "model": "magahospital.auditlog",
  "pk": 267,
  "fields": {
    "user": 9,
    "action": "Processed payment for Visit #53",
    "timestamp": "2026-05-21T17:05:30.537Z"
  }
},
{
  "model": "magahospital.auditlog",
  "pk": 268,
  "fields": {
    "user": 5,
    "action": "Dispensed medication for Visit #51",
    "timestamp": "2026-05-21T17:06:05.728Z"
  }
},
{
  "model": "magahospital.auditlog",
  "pk": 269,
  "fields": {
    "user": 5,
    "action": "Dispensed medication for Visit #52",
    "timestamp": "2026-05-21T17:06:25.744Z"
  }
},
{
  "model": "magahospital.auditlog",
  "pk": 270,
  "fields": {
    "user": 5,
    "action": "Dispensed medication for Visit #53",
    "timestamp": "2026-05-21T17:06:39.988Z"
  }
},
{
  "model": "magahospital.auditlog",
  "pk": 271,
  "fields": {
    "user": 5,
    "action": "Dispensed medication for Visit #54",
    "timestamp": "2026-05-21T17:06:53.894Z"
  }
},
{
  "model": "magahospital.auditlog",
  "pk": 272,
  "fields": {
    "user": 4,
    "action": "Created patient Jau Sana",
    "timestamp": "2026-05-21T17:13:31.122Z"
  }
},
{
  "model": "magahospital.auditlog",
  "pk": 273,
  "fields": {
    "user": 4,
    "action": "Created visit for patient Jau Sana",
    "timestamp": "2026-05-21T17:13:37.523Z"
  }
},
{
  "model": "magahospital.auditlog",
  "pk": 274,
  "fields": {
    "user": 10,
    "action": "Added vitals for Visit #55",
    "timestamp": "2026-05-21T17:14:25.792Z"
  }
},
{
  "model": "magahospital.auditlog",
  "pk": 275,
  "fields": {
    "user": 7,
    "action": "Added doctor consultation for Visit #55",
    "timestamp": "2026-05-21T17:15:08.052Z"
  }
},
{
  "model": "magahospital.auditlog",
  "pk": 276,
  "fields": {
    "user": 3,
    "action": "Added lab results for Visit #55",
    "timestamp": "2026-05-21T17:15:33.305Z"
  }
},
{
  "model": "magahospital.auditlog",
  "pk": 277,
  "fields": {
    "user": 7,
    "action": "Added prescription for Visit #55",
    "timestamp": "2026-05-21T17:16:16.597Z"
  }
},
{
  "model": "magahospital.auditlog",
  "pk": 278,
  "fields": {
    "user": 9,
    "action": "Processed payment for Visit #55",
    "timestamp": "2026-05-21T17:17:00.264Z"
  }
},
{
  "model": "magahospital.auditlog",
  "pk": 279,
  "fields": {
    "user": 5,
    "action": "Dispensed medication for Visit #55",
    "timestamp": "2026-05-21T17:17:50.299Z"
  }
},
{
  "model": "magahospital.auditlog",
  "pk": 280,
  "fields": {
    "user": 4,
    "action": "Created visit for patient Jailos Jumbe",
    "timestamp": "2026-05-21T17:18:48.213Z"
  }
},
{
  "model": "magahospital.auditlog",
  "pk": 281,
  "fields": {
    "user": 10,
    "action": "Added vitals for Visit #56",
    "timestamp": "2026-05-21T17:19:35.534Z"
  }
},
{
  "model": "magahospital.auditlog",
  "pk": 282,
  "fields": {
    "user": 7,
    "action": "Added doctor consultation for Visit #56",
    "timestamp": "2026-05-21T17:20:39.715Z"
  }
},
{
  "model": "magahospital.auditlog",
  "pk": 283,
  "fields": {
    "user": 11,
    "action": "Added procedure for Visit #56",
    "timestamp": "2026-05-21T19:17:24.010Z"
  }
},
{
  "model": "magahospital.auditlog",
  "pk": 284,
  "fields": {
    "user": 7,
    "action": "Added prescription for Visit #56",
    "timestamp": "2026-05-21T19:18:15.351Z"
  }
},
{
  "model": "magahospital.auditlog",
  "pk": 285,
  "fields": {
    "user": 9,
    "action": "Processed payment for Visit #56",
    "timestamp": "2026-05-21T19:18:49.086Z"
  }
},
{
  "model": "magahospital.auditlog",
  "pk": 286,
  "fields": {
    "user": 5,
    "action": "Dispensed medication for Visit #56",
    "timestamp": "2026-05-21T19:19:29.070Z"
  }
},
{
  "model": "magahospital.auditlog",
  "pk": 287,
  "fields": {
    "user": null,
    "action": "Created visit for patient Jailos Hamisi",
    "timestamp": "2026-05-21T19:39:12.935Z"
  }
},
{
  "model": "magahospital.auditlog",
  "pk": 288,
  "fields": {
    "user": 10,
    "action": "Added vitals for Visit #57",
    "timestamp": "2026-05-22T11:02:13.984Z"
  }
},
{
  "model": "magahospital.auditlog",
  "pk": 289,
  "fields": {
    "user": 7,
    "action": "Added doctor consultation for Visit #57",
    "timestamp": "2026-05-22T11:02:57.891Z"
  }
},
{
  "model": "magahospital.auditlog",
  "pk": 290,
  "fields": {
    "user": 3,
    "action": "Added lab results for Visit #57",
    "timestamp": "2026-05-22T11:03:43.928Z"
  }
},
{
  "model": "magahospital.auditlog",
  "pk": 291,
  "fields": {
    "user": 7,
    "action": "Added prescription for Visit #57",
    "timestamp": "2026-05-22T11:04:30.834Z"
  }
},
{
  "model": "magahospital.auditlog",
  "pk": 292,
  "fields": {
    "user": 9,
    "action": "Processed payment for Visit #57",
    "timestamp": "2026-05-22T11:05:28.346Z"
  }
},
{
  "model": "magahospital.auditlog",
  "pk": 293,
  "fields": {
    "user": 5,
    "action": "Dispensed medication for Visit #57",
    "timestamp": "2026-05-22T11:22:52.973Z"
  }
},
{
  "model": "magahospital.auditlog",
  "pk": 294,
  "fields": {
    "user": 4,
    "action": "Created visit for patient James Peter",
    "timestamp": "2026-05-22T11:23:53.243Z"
  }
},
{
  "model": "magahospital.auditlog",
  "pk": 295,
  "fields": {
    "user": 10,
    "action": "Added vitals for Visit #58",
    "timestamp": "2026-05-22T11:26:40.044Z"
  }
},
{
  "model": "magahospital.auditlog",
  "pk": 296,
  "fields": {
    "user": 7,
    "action": "Added doctor consultation for Visit #58",
    "timestamp": "2026-05-22T11:28:20.052Z"
  }
},
{
  "model": "magahospital.auditlog",
  "pk": 297,
  "fields": {
    "user": 11,
    "action": "Added procedure for Visit #58",
    "timestamp": "2026-05-22T11:32:30.350Z"
  }
},
{
  "model": "magahospital.auditlog",
  "pk": 298,
  "fields": {
    "user": 7,
    "action": "Added prescription for Visit #58",
    "timestamp": "2026-05-22T11:35:35.293Z"
  }
},
{
  "model": "magahospital.auditlog",
  "pk": 299,
  "fields": {
    "user": 9,
    "action": "Processed payment for Visit #58",
    "timestamp": "2026-05-22T11:37:30.276Z"
  }
},
{
  "model": "magahospital.auditlog",
  "pk": 300,
  "fields": {
    "user": 5,
    "action": "Dispensed medication for Visit #58",
    "timestamp": "2026-05-22T11:38:41.087Z"
  }
},
{
  "model": "magahospital.auditlog",
  "pk": 301,
  "fields": {
    "user": 4,
    "action": "Created visit for patient Hawala Musa",
    "timestamp": "2026-05-22T11:40:47.778Z"
  }
},
{
  "model": "magahospital.auditlog",
  "pk": 302,
  "fields": {
    "user": 10,
    "action": "Added vitals for Visit #59",
    "timestamp": "2026-05-22T12:10:15.620Z"
  }
},
{
  "model": "magahospital.auditlog",
  "pk": 303,
  "fields": {
    "user": 7,
    "action": "Added doctor consultation for Visit #59",
    "timestamp": "2026-05-22T12:15:00.028Z"
  }
},
{
  "model": "magahospital.auditlog",
  "pk": 304,
  "fields": {
    "user": 3,
    "action": "Added lab results for Visit #59",
    "timestamp": "2026-05-22T12:15:39.973Z"
  }
},
{
  "model": "magahospital.auditlog",
  "pk": 305,
  "fields": {
    "user": 7,
    "action": "Added prescription for Visit #59",
    "timestamp": "2026-05-22T12:49:10.721Z"
  }
},
{
  "model": "magahospital.auditlog",
  "pk": 306,
  "fields": {
    "user": 11,
    "action": "Added procedure for Visit #59",
    "timestamp": "2026-05-22T12:50:08.954Z"
  }
},
{
  "model": "magahospital.auditlog",
  "pk": 307,
  "fields": {
    "user": 7,
    "action": "Added prescription for Visit #59",
    "timestamp": "2026-05-22T12:51:13.829Z"
  }
},
{
  "model": "magahospital.auditlog",
  "pk": 308,
  "fields": {
    "user": 9,
    "action": "Processed payment for Visit #59",
    "timestamp": "2026-05-22T12:52:17.590Z"
  }
},
{
  "model": "magahospital.auditlog",
  "pk": 309,
  "fields": {
    "user": 5,
    "action": "Dispensed medication for Visit #59",
    "timestamp": "2026-05-22T12:53:24.044Z"
  }
},
{
  "model": "magahospital.auditlog",
  "pk": 310,
  "fields": {
    "user": 4,
    "action": "Created visit for patient Juma Shija",
    "timestamp": "2026-05-22T18:02:40.362Z"
  }
},
{
  "model": "magahospital.auditlog",
  "pk": 311,
  "fields": {
    "user": 10,
    "action": "Added vitals for Visit #60",
    "timestamp": "2026-05-22T18:03:50.724Z"
  }
},
{
  "model": "magahospital.auditlog",
  "pk": 312,
  "fields": {
    "user": 7,
    "action": "Added doctor consultation for Visit #60",
    "timestamp": "2026-05-22T18:26:31.841Z"
  }
},
{
  "model": "magahospital.auditlog",
  "pk": 313,
  "fields": {
    "user": 11,
    "action": "Added procedure for Visit #60",
    "timestamp": "2026-05-22T18:27:37.557Z"
  }
},
{
  "model": "magahospital.auditlog",
  "pk": 314,
  "fields": {
    "user": 7,
    "action": "Added prescription for Visit #60",
    "timestamp": "2026-05-22T18:29:07.110Z"
  }
},
{
  "model": "magahospital.auditlog",
  "pk": 315,
  "fields": {
    "user": 9,
    "action": "Processed payment for Visit #60",
    "timestamp": "2026-05-22T18:30:34.941Z"
  }
},
{
  "model": "magahospital.auditlog",
  "pk": 316,
  "fields": {
    "user": 5,
    "action": "Dispensed medication for Visit #60",
    "timestamp": "2026-05-22T18:31:35.891Z"
  }
},
{
  "model": "magahospital.auditlog",
  "pk": 317,
  "fields": {
    "user": 4,
    "action": "Created visit for patient John Fungameza",
    "timestamp": "2026-05-22T18:33:32.598Z"
  }
},
{
  "model": "magahospital.auditlog",
  "pk": 318,
  "fields": {
    "user": 10,
    "action": "Added vitals for Visit #61",
    "timestamp": "2026-05-22T18:34:33.674Z"
  }
},
{
  "model": "magahospital.auditlog",
  "pk": 319,
  "fields": {
    "user": 7,
    "action": "Added doctor consultation for Visit #61",
    "timestamp": "2026-05-22T18:38:59.773Z"
  }
},
{
  "model": "magahospital.auditlog",
  "pk": 320,
  "fields": {
    "user": 11,
    "action": "Added procedure for Visit #61",
    "timestamp": "2026-05-22T18:40:39.967Z"
  }
},
{
  "model": "magahospital.auditlog",
  "pk": 321,
  "fields": {
    "user": 7,
    "action": "Added prescription for Visit #61",
    "timestamp": "2026-05-22T18:41:54.706Z"
  }
},
{
  "model": "magahospital.auditlog",
  "pk": 322,
  "fields": {
    "user": 9,
    "action": "Processed payment for Visit #61",
    "timestamp": "2026-05-22T18:44:02.095Z"
  }
},
{
  "model": "magahospital.auditlog",
  "pk": 323,
  "fields": {
    "user": 5,
    "action": "Dispensed medication for Visit #61",
    "timestamp": "2026-05-22T18:45:02.337Z"
  }
},
{
  "model": "magahospital.auditlog",
  "pk": 324,
  "fields": {
    "user": 4,
    "action": "Created visit for patient Juma Shija",
    "timestamp": "2026-05-22T20:00:17.795Z"
  }
},
{
  "model": "magahospital.auditlog",
  "pk": 325,
  "fields": {
    "user": 10,
    "action": "Added vitals for Visit #62",
    "timestamp": "2026-05-22T20:01:08.288Z"
  }
},
{
  "model": "magahospital.auditlog",
  "pk": 326,
  "fields": {
    "user": 7,
    "action": "Added doctor consultation for Visit #62",
    "timestamp": "2026-05-22T20:01:53.309Z"
  }
},
{
  "model": "magahospital.auditlog",
  "pk": 327,
  "fields": {
    "user": 9,
    "action": "Processed payment for Visit #62",
    "timestamp": "2026-05-22T20:02:40.111Z"
  }
},
{
  "model": "magahospital.auditlog",
  "pk": 328,
  "fields": {
    "user": 5,
    "action": "Dispensed medication for Visit #62",
    "timestamp": "2026-05-22T20:31:36.911Z"
  }
},
{
  "model": "magahospital.auditlog",
  "pk": 329,
  "fields": {
    "user": 4,
    "action": "Created visit for patient Jailos Jumbe",
    "timestamp": "2026-05-22T20:34:48.577Z"
  }
},
{
  "model": "magahospital.auditlog",
  "pk": 330,
  "fields": {
    "user": 10,
    "action": "Added vitals for Visit #63",
    "timestamp": "2026-05-22T20:35:48.307Z"
  }
},
{
  "model": "magahospital.auditlog",
  "pk": 331,
  "fields": {
    "user": 7,
    "action": "Added doctor consultation for Visit #63",
    "timestamp": "2026-05-22T20:36:36.903Z"
  }
},
{
  "model": "magahospital.auditlog",
  "pk": 332,
  "fields": {
    "user": 9,
    "action": "Processed payment for Visit #63",
    "timestamp": "2026-05-22T20:37:41.107Z"
  }
},
{
  "model": "magahospital.auditlog",
  "pk": 333,
  "fields": {
    "user": 4,
    "action": "Created patient John Juma",
    "timestamp": "2026-05-23T17:06:52.834Z"
  }
},
{
  "model": "magahospital.auditlog",
  "pk": 334,
  "fields": {
    "user": 4,
    "action": "Created visit for patient John Juma",
    "timestamp": "2026-05-23T17:06:57.871Z"
  }
},
{
  "model": "magahospital.auditlog",
  "pk": 335,
  "fields": {
    "user": 10,
    "action": "Added vitals for Visit #64",
    "timestamp": "2026-05-23T17:07:57.194Z"
  }
},
{
  "model": "magahospital.auditlog",
  "pk": 336,
  "fields": {
    "user": 7,
    "action": "Added doctor consultation for Visit #64",
    "timestamp": "2026-05-23T17:08:50.342Z"
  }
},
{
  "model": "magahospital.auditlog",
  "pk": 337,
  "fields": {
    "user": 3,
    "action": "Added lab results for Visit #64",
    "timestamp": "2026-05-23T17:09:16.186Z"
  }
},
{
  "model": "magahospital.auditlog",
  "pk": 338,
  "fields": {
    "user": 7,
    "action": "Added prescription for Visit #64",
    "timestamp": "2026-05-23T17:10:13.139Z"
  }
},
{
  "model": "magahospital.auditlog",
  "pk": 339,
  "fields": {
    "user": 11,
    "action": "Added procedure for Visit #64",
    "timestamp": "2026-05-23T17:10:47.837Z"
  }
},
{
  "model": "magahospital.auditlog",
  "pk": 340,
  "fields": {
    "user": 7,
    "action": "Added prescription for Visit #64",
    "timestamp": "2026-05-23T17:11:30.521Z"
  }
},
{
  "model": "magahospital.auditlog",
  "pk": 341,
  "fields": {
    "user": 9,
    "action": "Processed payment for Visit #64",
    "timestamp": "2026-05-23T17:12:27.206Z"
  }
},
{
  "model": "magahospital.auditlog",
  "pk": 342,
  "fields": {
    "user": 5,
    "action": "Dispensed medication for Visit #63",
    "timestamp": "2026-05-23T18:27:46.357Z"
  }
},
{
  "model": "magahospital.auditlog",
  "pk": 343,
  "fields": {
    "user": 5,
    "action": "Dispensed medication for Visit #63",
    "timestamp": "2026-05-23T18:28:46.455Z"
  }
},
{
  "model": "magahospital.auditlog",
  "pk": 344,
  "fields": {
    "user": 4,
    "action": "Created visit for patient Juma Shija",
    "timestamp": "2026-05-23T18:55:59.987Z"
  }
},
{
  "model": "magahospital.auditlog",
  "pk": 345,
  "fields": {
    "user": 10,
    "action": "Added vitals for Visit #65",
    "timestamp": "2026-05-23T18:56:36.769Z"
  }
},
{
  "model": "magahospital.auditlog",
  "pk": 346,
  "fields": {
    "user": 7,
    "action": "Added doctor consultation for Visit #65",
    "timestamp": "2026-05-23T18:57:15.363Z"
  }
},
{
  "model": "magahospital.auditlog",
  "pk": 347,
  "fields": {
    "user": 3,
    "action": "Added lab results for Visit #65",
    "timestamp": "2026-05-23T18:57:39.784Z"
  }
},
{
  "model": "magahospital.auditlog",
  "pk": 348,
  "fields": {
    "user": 7,
    "action": "Added prescription for Visit #65",
    "timestamp": "2026-05-23T18:59:13.938Z"
  }
},
{
  "model": "magahospital.auditlog",
  "pk": 349,
  "fields": {
    "user": 9,
    "action": "Processed payment for Visit #65",
    "timestamp": "2026-05-23T19:00:11.852Z"
  }
},
{
  "model": "magahospital.auditlog",
  "pk": 350,
  "fields": {
    "user": 5,
    "action": "Dispensed medication for Visit #65",
    "timestamp": "2026-05-23T19:01:36.902Z"
  }
},
{
  "model": "magahospital.auditlog",
  "pk": 351,
  "fields": {
    "user": 4,
    "action": "Created visit for patient Jailos Jumbe",
    "timestamp": "2026-05-23T19:24:40.365Z"
  }
},
{
  "model": "magahospital.auditlog",
  "pk": 352,
  "fields": {
    "user": 10,
    "action": "Added vitals for Visit #66",
    "timestamp": "2026-05-23T19:25:17.074Z"
  }
},
{
  "model": "magahospital.auditlog",
  "pk": 353,
  "fields": {
    "user": 7,
    "action": "Added doctor consultation for Visit #66",
    "timestamp": "2026-05-23T19:25:50.419Z"
  }
},
{
  "model": "magahospital.auditlog",
  "pk": 354,
  "fields": {
    "user": 3,
    "action": "Added lab results for Visit #66",
    "timestamp": "2026-05-23T19:26:13.539Z"
  }
},
{
  "model": "magahospital.auditlog",
  "pk": 355,
  "fields": {
    "user": 7,
    "action": "Added prescription for Visit #66",
    "timestamp": "2026-05-23T20:40:24.112Z"
  }
},
{
  "model": "magahospital.auditlog",
  "pk": 356,
  "fields": {
    "user": 4,
    "action": "Created visit for patient Jailos Hamisi",
    "timestamp": "2026-05-23T20:42:15.018Z"
  }
},
{
  "model": "magahospital.auditlog",
  "pk": 357,
  "fields": {
    "user": 10,
    "action": "Added vitals for Visit #67",
    "timestamp": "2026-05-23T20:43:05.092Z"
  }
},
{
  "model": "magahospital.auditlog",
  "pk": 358,
  "fields": {
    "user": 7,
    "action": "Added doctor consultation for Visit #67",
    "timestamp": "2026-05-23T20:43:44.318Z"
  }
},
{
  "model": "magahospital.auditlog",
  "pk": 359,
  "fields": {
    "user": 3,
    "action": "Added lab results for Visit #67",
    "timestamp": "2026-05-23T20:44:12.935Z"
  }
},
{
  "model": "magahospital.auditlog",
  "pk": 360,
  "fields": {
    "user": 7,
    "action": "Added prescription for Visit #67",
    "timestamp": "2026-05-23T21:57:22.717Z"
  }
},
{
  "model": "magahospital.auditlog",
  "pk": 361,
  "fields": {
    "user": 9,
    "action": "Processed payment for Visit #66",
    "timestamp": "2026-05-23T21:58:47.083Z"
  }
},
{
  "model": "magahospital.auditlog",
  "pk": 362,
  "fields": {
    "user": 9,
    "action": "Processed payment for Visit #67",
    "timestamp": "2026-05-23T21:59:41.156Z"
  }
},
{
  "model": "magahospital.auditlog",
  "pk": 363,
  "fields": {
    "user": 5,
    "action": "Dispensed medication for Visit #67",
    "timestamp": "2026-05-23T22:00:39.343Z"
  }
},
{
  "model": "magahospital.auditlog",
  "pk": 364,
  "fields": {
    "user": 5,
    "action": "Dispensed medication for Visit #67",
    "timestamp": "2026-05-23T22:01:04.913Z"
  }
},
{
  "model": "magahospital.auditlog",
  "pk": 365,
  "fields": {
    "user": 4,
    "action": "Created patient Hamisi Kwangu",
    "timestamp": "2026-05-24T14:06:55.167Z"
  }
},
{
  "model": "magahospital.auditlog",
  "pk": 366,
  "fields": {
    "user": 4,
    "action": "Created visit for patient Hamisi Kwangu",
    "timestamp": "2026-05-24T14:06:59.890Z"
  }
},
{
  "model": "magahospital.auditlog",
  "pk": 367,
  "fields": {
    "user": 10,
    "action": "Added vitals for Visit #68",
    "timestamp": "2026-05-24T14:08:07.546Z"
  }
},
{
  "model": "magahospital.auditlog",
  "pk": 368,
  "fields": {
    "user": 7,
    "action": "Added doctor consultation for Visit #68",
    "timestamp": "2026-05-24T14:08:50.922Z"
  }
},
{
  "model": "magahospital.auditlog",
  "pk": 369,
  "fields": {
    "user": 3,
    "action": "Added lab results for Visit #68",
    "timestamp": "2026-05-24T14:09:20.508Z"
  }
},
{
  "model": "magahospital.auditlog",
  "pk": 370,
  "fields": {
    "user": 7,
    "action": "Added prescription for Visit #68",
    "timestamp": "2026-05-24T14:11:21.651Z"
  }
},
{
  "model": "magahospital.auditlog",
  "pk": 371,
  "fields": {
    "user": 9,
    "action": "Processed payment for Visit #68",
    "timestamp": "2026-05-24T14:12:13.740Z"
  }
},
{
  "model": "magahospital.auditlog",
  "pk": 372,
  "fields": {
    "user": 5,
    "action": "Dispensed medication for Visit #68",
    "timestamp": "2026-05-24T14:13:17.079Z"
  }
},
{
  "model": "magahospital.auditlog",
  "pk": 373,
  "fields": {
    "user": 5,
    "action": "Dispensed medication for Visit #68",
    "timestamp": "2026-05-24T14:13:50.437Z"
  }
},
{
  "model": "magahospital.auditlog",
  "pk": 374,
  "fields": {
    "user": 5,
    "action": "Dispensed medication for Visit #64",
    "timestamp": "2026-05-24T16:06:00.228Z"
  }
},
{
  "model": "magahospital.auditlog",
  "pk": 375,
  "fields": {
    "user": 5,
    "action": "Dispensed medication for Visit #66",
    "timestamp": "2026-05-24T16:07:14.289Z"
  }
},
{
  "model": "magahospital.auditlog",
  "pk": 376,
  "fields": {
    "user": 4,
    "action": "Created patient Joel Jones",
    "timestamp": "2026-05-24T16:42:22.609Z"
  }
},
{
  "model": "magahospital.auditlog",
  "pk": 377,
  "fields": {
    "user": 4,
    "action": "Created visit for patient Joel Jones",
    "timestamp": "2026-05-24T16:42:26.635Z"
  }
},
{
  "model": "magahospital.auditlog",
  "pk": 378,
  "fields": {
    "user": 10,
    "action": "Added vitals for Visit #69",
    "timestamp": "2026-05-24T16:43:18.774Z"
  }
},
{
  "model": "magahospital.auditlog",
  "pk": 379,
  "fields": {
    "user": 7,
    "action": "Added doctor consultation for Visit #69",
    "timestamp": "2026-05-24T16:44:19.237Z"
  }
},
{
  "model": "magahospital.auditlog",
  "pk": 380,
  "fields": {
    "user": 3,
    "action": "Added lab results for Visit #69",
    "timestamp": "2026-05-24T16:44:49.638Z"
  }
},
{
  "model": "magahospital.auditlog",
  "pk": 381,
  "fields": {
    "user": 7,
    "action": "Added prescription for Visit #69",
    "timestamp": "2026-05-24T18:36:38.742Z"
  }
},
{
  "model": "magahospital.auditlog",
  "pk": 382,
  "fields": {
    "user": 9,
    "action": "Processed payment for Visit #69",
    "timestamp": "2026-05-24T18:39:15.589Z"
  }
},
{
  "model": "magahospital.auditlog",
  "pk": 383,
  "fields": {
    "user": 4,
    "action": "Created patient Charles Mkwiji",
    "timestamp": "2026-05-25T11:45:40.301Z"
  }
},
{
  "model": "magahospital.auditlog",
  "pk": 384,
  "fields": {
    "user": 4,
    "action": "Created visit for patient Charles Mkwiji",
    "timestamp": "2026-05-25T11:45:45.381Z"
  }
},
{
  "model": "magahospital.auditlog",
  "pk": 385,
  "fields": {
    "user": 10,
    "action": "Added vitals for Visit #70",
    "timestamp": "2026-05-25T11:53:10.443Z"
  }
},
{
  "model": "magahospital.auditlog",
  "pk": 386,
  "fields": {
    "user": 7,
    "action": "Added doctor consultation for Visit #70",
    "timestamp": "2026-05-25T11:59:09.658Z"
  }
},
{
  "model": "magahospital.auditlog",
  "pk": 387,
  "fields": {
    "user": 4,
    "action": "Created patient John Mgimba",
    "timestamp": "2026-05-25T12:18:42.655Z"
  }
},
{
  "model": "magahospital.auditlog",
  "pk": 388,
  "fields": {
    "user": 4,
    "action": "Created visit for patient John Mgimba",
    "timestamp": "2026-05-25T12:18:49.956Z"
  }
},
{
  "model": "magahospital.auditlog",
  "pk": 389,
  "fields": {
    "user": 10,
    "action": "Added vitals for Visit #71",
    "timestamp": "2026-05-25T12:21:31.228Z"
  }
},
{
  "model": "magahospital.auditlog",
  "pk": 390,
  "fields": {
    "user": 7,
    "action": "Added doctor consultation for Visit #71",
    "timestamp": "2026-05-25T12:27:41.919Z"
  }
},
{
  "model": "magahospital.auditlog",
  "pk": 391,
  "fields": {
    "user": 3,
    "action": "Added lab results for Visit #71",
    "timestamp": "2026-05-25T12:28:57.470Z"
  }
},
{
  "model": "magahospital.auditlog",
  "pk": 392,
  "fields": {
    "user": 4,
    "action": "Created patient Juma Hamis",
    "timestamp": "2026-05-29T21:59:14.537Z"
  }
},
{
  "model": "magahospital.auditlog",
  "pk": 393,
  "fields": {
    "user": 4,
    "action": "Created visit for patient Juma Hamis",
    "timestamp": "2026-05-29T21:59:19.695Z"
  }
},
{
  "model": "magahospital.auditlog",
  "pk": 394,
  "fields": {
    "user": 10,
    "action": "Added vitals for Visit #72",
    "timestamp": "2026-05-29T21:59:44.351Z"
  }
},
{
  "model": "magahospital.auditlog",
  "pk": 395,
  "fields": {
    "user": 4,
    "action": "Created patient Halima Usiga",
    "timestamp": "2026-06-02T05:33:19.878Z"
  }
},
{
  "model": "magahospital.auditlog",
  "pk": 396,
  "fields": {
    "user": 4,
    "action": "Created visit for patient Halima Usiga",
    "timestamp": "2026-06-02T05:33:25.274Z"
  }
},
{
  "model": "magahospital.auditlog",
  "pk": 397,
  "fields": {
    "user": 10,
    "action": "Added vitals for Visit #73",
    "timestamp": "2026-06-02T05:35:39.473Z"
  }
},
{
  "model": "magahospital.auditlog",
  "pk": 398,
  "fields": {
    "user": 7,
    "action": "Added doctor consultation for Visit #73",
    "timestamp": "2026-06-02T05:52:30.254Z"
  }
},
{
  "model": "magahospital.auditlog",
  "pk": 399,
  "fields": {
    "user": 3,
    "action": "Added lab results for Visit #73",
    "timestamp": "2026-06-02T05:53:34.191Z"
  }
},
{
  "model": "magahospital.auditlog",
  "pk": 400,
  "fields": {
    "user": 7,
    "action": "Added prescription for Visit #71",
    "timestamp": "2026-06-02T17:53:30.389Z"
  }
},
{
  "model": "magahospital.auditlog",
  "pk": 401,
  "fields": {
    "user": 9,
    "action": "Processed payment for Visit #71",
    "timestamp": "2026-06-02T17:54:19.910Z"
  }
},
{
  "model": "magahospital.auditlog",
  "pk": 402,
  "fields": {
    "user": 5,
    "action": "Dispensed 12 units of Coartem 20/120mg for Visit #71",
    "timestamp": "2026-06-02T17:56:29.561Z"
  }
},
{
  "model": "magahospital.auditlog",
  "pk": 403,
  "fields": {
    "user": 4,
    "action": "Created appointment for John Juma",
    "timestamp": "2026-06-04T05:54:08.420Z"
  }
},
{
  "model": "magahospital.auditlog",
  "pk": 404,
  "fields": {
    "user": 4,
    "action": "Created visit for patient John Juma",
    "timestamp": "2026-06-04T05:54:21.394Z"
  }
},
{
  "model": "magahospital.auditlog",
  "pk": 405,
  "fields": {
    "user": 10,
    "action": "Added vitals for Visit #74",
    "timestamp": "2026-06-04T05:55:24.258Z"
  }
},
{
  "model": "magahospital.auditlog",
  "pk": 406,
  "fields": {
    "user": 7,
    "action": "Added doctor consultation for Visit #74",
    "timestamp": "2026-06-04T05:56:31.894Z"
  }
},
{
  "model": "magahospital.auditlog",
  "pk": 407,
  "fields": {
    "user": 3,
    "action": "Added lab results for Visit #74",
    "timestamp": "2026-06-04T05:57:02.445Z"
  }
},
{
  "model": "magahospital.auditlog",
  "pk": 408,
  "fields": {
    "user": 7,
    "action": "Added prescription for Visit #74",
    "timestamp": "2026-06-04T05:57:59.242Z"
  }
},
{
  "model": "magahospital.auditlog",
  "pk": 409,
  "fields": {
    "user": 9,
    "action": "Processed payment for Visit #74",
    "timestamp": "2026-06-04T05:58:43.875Z"
  }
},
{
  "model": "magahospital.auditlog",
  "pk": 410,
  "fields": {
    "user": 5,
    "action": "Dispensed 12 units of Coartem 20/120mg for Visit #74",
    "timestamp": "2026-06-04T05:59:32.051Z"
  }
},
{
  "model": "magahospital.auditlog",
  "pk": 411,
  "fields": {
    "user": 4,
    "action": "Created patient N'gombe Nyeusi",
    "timestamp": "2026-06-04T13:16:57.166Z"
  }
},
{
  "model": "magahospital.auditlog",
  "pk": 412,
  "fields": {
    "user": 4,
    "action": "Created visit for patient N'gombe Nyeusi",
    "timestamp": "2026-06-04T13:18:00.547Z"
  }
},
{
  "model": "magahospital.auditlog",
  "pk": 413,
  "fields": {
    "user": 10,
    "action": "Added vitals for Visit #75",
    "timestamp": "2026-06-04T13:20:16.674Z"
  }
},
{
  "model": "magahospital.auditlog",
  "pk": 414,
  "fields": {
    "user": 4,
    "action": "Created patient Ng'ombe Nyeusi",
    "timestamp": "2026-06-04T13:57:34.087Z"
  }
},
{
  "model": "magahospital.auditlog",
  "pk": 415,
  "fields": {
    "user": 4,
    "action": "Created visit for patient Ng'ombe Nyeusi",
    "timestamp": "2026-06-04T13:58:30.854Z"
  }
},
{
  "model": "magahospital.auditlog",
  "pk": 416,
  "fields": {
    "user": 10,
    "action": "Added vitals for Visit #76",
    "timestamp": "2026-06-04T14:01:02.651Z"
  }
},
{
  "model": "magahospital.auditlog",
  "pk": 417,
  "fields": {
    "user": 7,
    "action": "Added doctor consultation for Visit #76",
    "timestamp": "2026-06-04T14:04:06.796Z"
  }
},
{
  "model": "magahospital.auditlog",
  "pk": 418,
  "fields": {
    "user": 3,
    "action": "Added lab results for Visit #76",
    "timestamp": "2026-06-04T14:14:54.962Z"
  }
},
{
  "model": "magahospital.auditlog",
  "pk": 419,
  "fields": {
    "user": 7,
    "action": "Added prescription for Visit #76",
    "timestamp": "2026-06-04T14:19:02.153Z"
  }
},
{
  "model": "magahospital.auditlog",
  "pk": 420,
  "fields": {
    "user": 9,
    "action": "Processed payment for Visit #76",
    "timestamp": "2026-06-04T14:22:38.514Z"
  }
},
{
  "model": "magahospital.auditlog",
  "pk": 421,
  "fields": {
    "user": 5,
    "action": "Dispensed 36 units of Coartem 20/120mg for Visit #76",
    "timestamp": "2026-06-04T14:25:32.538Z"
  }
},
{
  "model": "magahospital.auditlog",
  "pk": 422,
  "fields": {
    "user": 5,
    "action": "Dispensed 24 units of Paracetamol 500mg for Visit #76",
    "timestamp": "2026-06-04T14:26:16.026Z"
  }
},
{
  "model": "magahospital.auditlog",
  "pk": 423,
  "fields": {
    "user": 4,
    "action": "Created patient Juma Shija",
    "timestamp": "2026-06-04T18:26:22.826Z"
  }
},
{
  "model": "magahospital.auditlog",
  "pk": 424,
  "fields": {
    "user": 4,
    "action": "Created visit for patient Juma Shija",
    "timestamp": "2026-06-04T18:26:29.550Z"
  }
},
{
  "model": "magahospital.auditlog",
  "pk": 425,
  "fields": {
    "user": 10,
    "action": "Added vitals for Visit #77",
    "timestamp": "2026-06-04T18:28:23.596Z"
  }
},
{
  "model": "magahospital.auditlog",
  "pk": 426,
  "fields": {
    "user": 7,
    "action": "Added doctor consultation for Visit #77",
    "timestamp": "2026-06-04T18:29:47.273Z"
  }
},
{
  "model": "magahospital.auditlog",
  "pk": 427,
  "fields": {
    "user": 3,
    "action": "Added lab results for Visit #77",
    "timestamp": "2026-06-04T18:30:53.544Z"
  }
},
{
  "model": "magahospital.auditlog",
  "pk": 428,
  "fields": {
    "user": 7,
    "action": "Added prescription for Visit #77",
    "timestamp": "2026-06-04T18:32:45.510Z"
  }
},
{
  "model": "magahospital.auditlog",
  "pk": 429,
  "fields": {
    "user": 9,
    "action": "Processed payment for Visit #77",
    "timestamp": "2026-06-04T18:33:45.421Z"
  }
},
{
  "model": "magahospital.auditlog",
  "pk": 430,
  "fields": {
    "user": 5,
    "action": "Dispensed 24 units of Paracetamol 500mg for Visit #77",
    "timestamp": "2026-06-04T18:35:10.528Z"
  }
},
{
  "model": "magahospital.auditlog",
  "pk": 431,
  "fields": {
    "user": 12,
    "action": "Deleted backup backup_20260610_173424.json",
    "timestamp": "2026-06-10T14:48:34.850Z"
  }
},
{
  "model": "magahospital.auditlog",
  "pk": 432,
  "fields": {
    "user": 12,
    "action": "Created database backup backup_20260610_174840.json",
    "timestamp": "2026-06-10T14:48:43.998Z"
  }
},
{
  "model": "magahospital.auditlog",
  "pk": 433,
  "fields": {
    "user": 4,
    "action": "Created patient Mwashi John",
    "timestamp": "2026-06-11T05:48:37.197Z"
  }
},
{
  "model": "magahospital.auditlog",
  "pk": 434,
  "fields": {
    "user": 4,
    "action": "Created visit for patient Mwashi John",
    "timestamp": "2026-06-11T05:48:41.934Z"
  }
},
{
  "model": "magahospital.auditlog",
  "pk": 435,
  "fields": {
    "user": 10,
    "action": "Added vitals for Visit #78",
    "timestamp": "2026-06-11T05:49:42.257Z"
  }
},
{
  "model": "magahospital.auditlog",
  "pk": 436,
  "fields": {
    "user": 7,
    "action": "Added doctor consultation for Visit #78",
    "timestamp": "2026-06-11T05:50:45.631Z"
  }
},
{
  "model": "magahospital.auditlog",
  "pk": 437,
  "fields": {
    "user": 3,
    "action": "Added lab results for Visit #78",
    "timestamp": "2026-06-11T05:51:25.975Z"
  }
},
{
  "model": "magahospital.auditlog",
  "pk": 438,
  "fields": {
    "user": 7,
    "action": "Added prescription for Visit #78",
    "timestamp": "2026-06-11T05:53:15.331Z"
  }
},
{
  "model": "magahospital.auditlog",
  "pk": 439,
  "fields": {
    "user": 12,
    "action": "Deleted backup backup_20260610_173424.json",
    "timestamp": "2026-06-11T05:55:22.050Z"
  }
},
{
  "model": "magahospital.auditlog",
  "pk": 440,
  "fields": {
    "user": 12,
    "action": "Deleted backup backup_20260610_172859.json",
    "timestamp": "2026-06-11T05:55:26.582Z"
  }
},
{
  "model": "magahospital.auditlog",
  "pk": 441,
  "fields": {
    "user": 12,
    "action": "Deleted backup backup_20260610_172407.json",
    "timestamp": "2026-06-11T05:55:30.407Z"
  }
},
{
  "model": "magahospital.auditlog",
  "pk": 442,
  "fields": {
    "user": 12,
    "action": "Deleted backup backup_20260610_164244.json",
    "timestamp": "2026-06-11T05:55:34.070Z"
  }
},
{
  "model": "magahospital.vital",
  "pk": 55,
  "fields": {
    "visit": 76,
    "blood_pressure": "120/80",
    "temperature": "37.0",
    "pulse_rate": 77,
    "oxygen_saturation": 90,
    "respiratory_rate": 19,
    "weight": "63.0",
    "height": "163.0",
    "bmi": "23.71",
    "notes": "",
    "created_at": "2026-06-04T14:01:02.644Z"
  }
},
{
  "model": "magahospital.vital",
  "pk": 56,
  "fields": {
    "visit": 77,
    "blood_pressure": "120/80",
    "temperature": "37.0",
    "pulse_rate": 72,
    "oxygen_saturation": 98,
    "respiratory_rate": 16,
    "weight": "70.0",
    "height": "170.0",
    "bmi": "24.22",
    "notes": "",
    "created_at": "2026-06-04T18:28:23.592Z"
  }
},
{
  "model": "magahospital.vital",
  "pk": 57,
  "fields": {
    "visit": 78,
    "blood_pressure": "120/79",
    "temperature": "36.0",
    "pulse_rate": 70,
    "oxygen_saturation": 99,
    "respiratory_rate": 16,
    "weight": "70.0",
    "height": "168.0",
    "bmi": "24.80",
    "notes": "",
    "created_at": "2026-06-11T05:49:42.250Z"
  }
},
{
  "model": "magahospital.test",
  "pk": 1,
  "fields": {
    "name": "TB Test / Sputum Test",
    "description": "Investigates tuberculosis infection.",
    "price": "12000.00",
    "created_at": "2026-06-02T05:39:01.840Z"
  }
},
{
  "model": "magahospital.test",
  "pk": 2,
  "fields": {
    "name": "Stool Examination",
    "description": "Detects parasites, worms, infections, digestive problems.",
    "price": "7000.00",
    "created_at": "2026-06-02T05:39:50.580Z"
  }
},
{
  "model": "magahospital.test",
  "pk": 3,
  "fields": {
    "name": "Typhoid Test (Widal)",
    "description": "Used when typhoid fever is suspected.",
    "price": "10000.00",
    "created_at": "2026-06-02T05:40:39.282Z"
  }
},
{
  "model": "magahospital.test",
  "pk": 4,
  "fields": {
    "name": "Pregnancy Test (HCG)",
    "description": "Detects pregnancy hormone.",
    "price": "5000.00",
    "created_at": "2026-06-02T05:41:21.126Z"
  }
},
{
  "model": "magahospital.test",
  "pk": 5,
  "fields": {
    "name": "Urinalysis",
    "description": "Examines urine for infection, kidney disease, diabetes, dehydration.",
    "price": "7000.00",
    "created_at": "2026-06-02T05:42:05.612Z"
  }
},
{
  "model": "magahospital.test",
  "pk": 6,
  "fields": {
    "name": "HIV Test",
    "description": "Detects HIV infection.",
    "price": "0.00",
    "created_at": "2026-06-02T05:42:50.796Z"
  }
},
{
  "model": "magahospital.test",
  "pk": 7,
  "fields": {
    "name": "Blood Sugar (RBS/FBS)",
    "description": "Measures glucose level for diabetes screening/monitoring.",
    "price": "6000.00",
    "created_at": "2026-06-02T05:43:34.374Z"
  }
},
{
  "model": "magahospital.test",
  "pk": 8,
  "fields": {
    "name": "Malaria Test",
    "description": "Detects malaria parasites in blood.",
    "price": "5000.00",
    "created_at": "2026-06-02T05:44:19.421Z"
  }
},
{
  "model": "magahospital.test",
  "pk": 9,
  "fields": {
    "name": "CBC",
    "description": "Complete Blood Count — evaluates RBC, WBC, hemoglobin, platelets, infection, anemia.",
    "price": "10000.00",
    "created_at": "2026-06-02T05:45:07.581Z"
  }
},
{
  "model": "magahospital.hospitalsettings",
  "pk": 1,
  "fields": {
    "hospital_name": "St. Zacharia's Hospital",
    "logo": "",
    "address": "",
    "phone": "",
    "email": "",
    "website": "",
    "footer_text": "All Rights Reserved.",
    "currency": "TZS",
    "updated_at": "2026-06-10T14:45:55.201Z"
  }
},
{
  "model": "prediction.patient",
  "pk": 1,
  "fields": {
    "jina_la_mtumiaji": null,
    "tarehe": "2026-05-11",
    "jina_la_kwanza": "Juma",
    "jina_la_pili": "Shija",
    "simu": "0787845678",
    "anwani": "Mpui",
    "jinsia": "Male",
    "umri": 23,
    "Namba_ya_mgonjwa": "136158035",
    "DALILI1": 1,
    "DALILI2": 1,
    "DALILI3": 1,
    "DALILI4": 1,
    "DALILI5": 1,
    "hospitali": "Magadulla Hospital",
    "MAAMBUKIZI": "Potential Infection Detected",
    "CONFIDENCE": 100.0,
    "created": "2026-05-10T21:23:32.337Z"
  }
},
{
  "model": "prediction.patient",
  "pk": 2,
  "fields": {
    "jina_la_mtumiaji": null,
    "tarehe": "2026-05-16",
    "jina_la_kwanza": "",
    "jina_la_pili": "",
    "simu": "",
    "anwani": null,
    "jinsia": "Male",
    "umri": 45,
    "Namba_ya_mgonjwa": "421617036",
    "DALILI1": 1,
    "DALILI2": 1,
    "DALILI3": 1,
    "DALILI4": 1,
    "DALILI5": 1,
    "hospitali": "Magadulla Hospital",
    "MAAMBUKIZI": "Potential Infection Detected",
    "CONFIDENCE": 100.0,
    "created": "2026-05-16T20:14:01.310Z"
  }
},
{
  "model": "prediction.patient",
  "pk": 3,
  "fields": {
    "jina_la_mtumiaji": null,
    "tarehe": "2026-05-16",
    "jina_la_kwanza": "",
    "jina_la_pili": "",
    "simu": "",
    "anwani": null,
    "jinsia": "Male",
    "umri": 45,
    "Namba_ya_mgonjwa": "332902212",
    "DALILI1": 1,
    "DALILI2": 1,
    "DALILI3": 1,
    "DALILI4": 1,
    "DALILI5": 1,
    "hospitali": "Magadulla Hospital",
    "MAAMBUKIZI": "Potential Infection Detected",
    "CONFIDENCE": 100.0,
    "created": "2026-05-16T20:22:29.236Z"
  }
},
{
  "model": "prediction.patient",
  "pk": 4,
  "fields": {
    "jina_la_mtumiaji": null,
    "tarehe": "2026-05-16",
    "jina_la_kwanza": "",
    "jina_la_pili": "",
    "simu": "",
    "anwani": null,
    "jinsia": "Male",
    "umri": 45,
    "Namba_ya_mgonjwa": "835170966",
    "DALILI1": 1,
    "DALILI2": 1,
    "DALILI3": 1,
    "DALILI4": 1,
    "DALILI5": 1,
    "hospitali": "Magadulla Hospital",
    "MAAMBUKIZI": "Potential Infection Detected",
    "CONFIDENCE": 100.0,
    "created": "2026-05-16T20:23:26.915Z"
  }
},
{
  "model": "prediction.patient",
  "pk": 5,
  "fields": {
    "jina_la_mtumiaji": null,
    "tarehe": "2026-05-16",
    "jina_la_kwanza": "",
    "jina_la_pili": "",
    "simu": "",
    "anwani": null,
    "jinsia": "Male",
    "umri": 45,
    "Namba_ya_mgonjwa": "672802223",
    "DALILI1": 1,
    "DALILI2": 1,
    "DALILI3": 1,
    "DALILI4": 1,
    "DALILI5": 1,
    "hospitali": "Magadulla Hospital",
    "MAAMBUKIZI": "Potential Infection Detected",
    "CONFIDENCE": 100.0,
    "created": "2026-05-16T20:37:24.913Z"
  }
},
{
  "model": "prediction.patient",
  "pk": 6,
  "fields": {
    "jina_la_mtumiaji": null,
    "tarehe": "2026-05-17",
    "jina_la_kwanza": "",
    "jina_la_pili": "",
    "simu": "",
    "anwani": null,
    "jinsia": "Male",
    "umri": 24,
    "Namba_ya_mgonjwa": "710985102",
    "DALILI1": 0,
    "DALILI2": 0,
    "DALILI3": 0,
    "DALILI4": 0,
    "DALILI5": 0,
    "hospitali": "Magadulla Hospital",
    "MAAMBUKIZI": "Low Infection Risk Detected",
    "CONFIDENCE": 100.0,
    "created": "2026-05-17T15:57:52.812Z"
  }
},
{
  "model": "prediction.patient",
  "pk": 7,
  "fields": {
    "jina_la_mtumiaji": null,
    "tarehe": "2026-05-19",
    "jina_la_kwanza": "",
    "jina_la_pili": "",
    "simu": "",
    "anwani": null,
    "jinsia": "Male",
    "umri": 23,
    "Namba_ya_mgonjwa": "490887303",
    "DALILI1": 1,
    "DALILI2": 1,
    "DALILI3": 1,
    "DALILI4": 1,
    "DALILI5": 1,
    "hospitali": "Magadulla Hospital",
    "MAAMBUKIZI": "Potential Infection Detected",
    "CONFIDENCE": 100.0,
    "created": "2026-05-19T07:25:09.023Z"
  }
},
{
  "model": "prediction.patient",
  "pk": 8,
  "fields": {
    "jina_la_mtumiaji": null,
    "tarehe": "2026-05-23",
    "jina_la_kwanza": "",
    "jina_la_pili": "",
    "simu": "",
    "anwani": null,
    "jinsia": "Female",
    "umri": 15,
    "Namba_ya_mgonjwa": "305081850",
    "DALILI1": 1,
    "DALILI2": 1,
    "DALILI3": 0,
    "DALILI4": 0,
    "DALILI5": 0,
    "hospitali": "Magadulla Hospital",
    "MAAMBUKIZI": "Potential Infection Detected",
    "CONFIDENCE": 100.0,
    "created": "2026-05-23T14:34:53.729Z"
  }
},
{
  "model": "prediction.patient",
  "pk": 9,
  "fields": {
    "jina_la_mtumiaji": null,
    "tarehe": "2026-05-25",
    "jina_la_kwanza": "",
    "jina_la_pili": "",
    "simu": "",
    "anwani": null,
    "jinsia": "Male",
    "umri": 33,
    "Namba_ya_mgonjwa": "832545523",
    "DALILI1": 1,
    "DALILI2": 1,
    "DALILI3": 1,
    "DALILI4": 1,
    "DALILI5": 0,
    "hospitali": "Magadulla Hospital",
    "MAAMBUKIZI": "Potential Infection Detected",
    "CONFIDENCE": 100.0,
    "created": "2026-05-25T12:01:14.589Z"
  }
}
]
